id,name,type,industry
Domain_c58c149eec59bb14b0c102a0f303d4c20366926b5c3206555d2937474124beb9,c58c149eec.com,Domain,[B]
Domain_f3554b666038baffa5814c319d3053ee2c2eb30d31d0ef509a1a463386b69845,f3554b6660.com,Domain,[G]
Cert_fe794a69eacd63b21245bf4eda826222fc6c5862bebf77aa05459cb308cfd063,fe794a69ea,Cert,[]
IP_94fb4d47d3920b6a5b74a8ce9e304377460fdffdf6582eca97eda2037bbe0b47,123.1.xxx.xxx,IP,[]
Domain_61befc7014010dffed9239b8a133396e1a88fa822703b677b123268eb16be3f7,61befc7014.com,Domain,[B]
Whois_Email_5a3d16b7df3d815d5f3436bd5dd5c5e1054ee7cb74d4fd8d9efdf3af362a4a18,54498xxxxx@xxx.xxx,Whois_Email,[]
Whois_Name_db0925a5aeb1849fa7b41f7a29c1192d38e12e97fb6e82e72e894e3c733130ef,Linxxxxx Xu,Whois_Name,[]
Whois_Phone_f6974ce3fa84ae76d75b9211f3162155db77566a36c82549b66a9a3d966a928b,+86.533xxxxx,Whois_Phone,[]
Domain_1d8e02f35e2cba9afb64a653aec2d7703559001c9d4f24c9b119eba50c47df10,1d8e02f35e.com,Domain,[]
Cert_392d981eaf712a3ecb8553b3b90974d538e484bad7ccff19f6ef89d1b6456226,392d981eaf,Cert,[]
IP_180ec840d57b66390033e9f0145b6dc76a7213c42d0992faeaaf5719ba7273a2,23.224.xxx.xxx,IP,[]
IP_e9d4d0c9b504b782a7e04f78cf471fc52abba41c1330dec1bd5cfb583add10ce,156.239.xxx.xxx,IP,[]
Domain_afd826ef13c05bc22f4781e7ad58b8cf5a2b66fc0b65b94cefee484aca14bcaf,afd826ef13.com,Domain,[G]
Whois_Email_62fe1d0691991999225c173a7c6b4da96e9d590457cfb31befb84fc0e980c15e,contaxxxxx@xxx.xxx,Whois_Email,[]
Whois_Name_d93c941eef173511e77515af6861025e9a2a52d597e27bf1825961c2690e66cd,Domxxxxxmin,Whois_Name,[]
Whois_Phone_2ed398f49cf52be8e3f9cbf82be998d9ac2ba656d1ea1491baf026bb989531f1,18022xxxxx,Whois_Phone,[]
Domain_9b137c5215788c8e66a5ea2d45c7ec3af81d5b1521610b166b109a6701324742,9b137c5215.com,Domain,[]
Domain_b0db5e33bb91089520046ff41da4b0d81d7a0fbe23e1046106554c79f8c8659c,b0db5e33bb.com,Domain,[]
Domain_807a8a1a5282607c2063a5b0365268b25f0f62d61741a3e25244840595f10dc3,807a8a1a52.com,Domain,[]
Domain_366244592364299707e33731d928c96df664d8beabce7066f2399687d9c81261,3662445923.com,Domain,[]
Domain_91de97019b99f9e4b03f9d1bec9fd8925b15a3687a10ea0124baab42e36170b7,91de97019b.com,Domain,[]
Domain_cee489b4e75d3b79f86fc13516688cb4ed6a84e39f139f25014bf97c0d7bfbf1,cee489b4e7.com,Domain,[]
Domain_003d42bc1e5c29a2360747cbed0e65daed63a25f4264cad7a02c9bac8671d4c6,003d42bc1e.com,Domain,[G]
Domain_004cd28acfaa0882b3c9b257ed685f1e690852494e8a823ea4939bdd3fd8e51a,004cd28acf.com,Domain,[B]
Domain_004fbaab550d8d0049831dbd99ba537283d9dd5dfd10d7258eb18ef134ac29f6,004fbaab55.com,Domain,[G]
Domain_005c5874cc8a3fbe2f9ffb8a2f537bd0c46cb83b02b0dca02da69c71d4ca94e1,005c5874cc.com,Domain,[C]
Domain_00e2e2417fe2f9d2d4540bae5f5acc2ec3933877259b9f1474b07735c4096c20,00e2e2417f.com,Domain,[C]
Domain_00e7c3fbe4a574fe3bb08134883cf02442e4c3b40c6864bbc2b8465318a68007,00e7c3fbe4.com,Domain,[G]
Domain_015af14702f8ce021a91e952ab880e3bff3f0f556719c91eed450d2eeaac9d27,015af14702.com,Domain,[B]
Domain_01b985251bee860725a7b64ccfba143dd9cba32fff722fabf5aa76dd509c3e62,01b985251b.com,Domain,[G]
Domain_01e100d81d7ca957125611ea9750a73e4088013339b10af4826c625a3f8c0f91,01e100d81d.com,Domain,[C]
Domain_0218dbf1948398ecf92c2d6f5483d7aa5fd4c7eb4a9725def2774fe1c6f62c17,0218dbf194.com,Domain,[G]
Domain_022129a21b64141b005e0e94e5d5542bb2beeb492fd12aca4b7290f1206b7b82,022129a21b.com,Domain,[G]
Domain_0259515851b7fc2117b3219d66122a404b032fcec06260fbcdcfe8e3cbd0dd26,0259515851.com,Domain,[A]
Domain_02d4e534869a90597072f2a373b7756236d336db10d097550504ee567e75399e,02d4e53486.com,Domain,[B]
Domain_02ecf83282282da3919808ade1ac31e7538b7ad3f2e3dc2297cbfe9149143bfa,02ecf83282.com,Domain,[G]
Domain_03c04b91c88cf677d6fab558c04cb5c5743546c0a5df47500289a6424dc879a8,03c04b91c8.com,Domain,[C]
Domain_03c13a7b91b85b952057b8a700e7a9a81d7b225294233446b5764a2215285514,03c13a7b91.com,Domain,[A]
Domain_03c5b152c9f7acc99602cc585146954c6e6443c81c3a981489f8390e48b2c5fb,03c5b152c9.com,Domain,[C]
Domain_04022dc8a6439004db731b3bee3915aec225da2f8061d8146a738c65fcb5d12b,04022dc8a6.com,Domain,[C]
Domain_0417571ebcb51a955b1544b408c1ad06f444c73683006bc374d4421009db0c56,0417571ebc.com,Domain,"[C,G,A]"
Domain_04500de8e773c5666d1f8833df9319933c4da57cd498882a8f813916d4304e23,04500de8e7.com,Domain,[B]
Domain_32ef6b395c5e272a588c5acad24eb95138902568ee9570449f10b8aa05617ded,32ef6b395c.com,Domain,[]
Domain_e5faee798ab94195e75d453c625b9778a33b5df78d7b2c28e012c689836cfe9a,e5faee798a.com,Domain,[]
ASN_1d624c9be374e9b85d0105f3fc5e474a305c294f11402195edd43d093b9d4ab9,AS_1d624c9be3,ASN,[]
IP_CIDR_49d294fbef2603b2c82189a6f066af77385549a0c1eed46d3fa85d9ffc43b3d6,123.1.xxx.0/24,IP_C,[]
Domain_16a3c8545732ca5cc0475714040bb4f4c0a04d7798bd440d2a00046f9d66aa78,16a3c85457.com,Domain,[E]
Domain_265a76394baa234c4829ec74f434deeb78a5d57ab0e355c9f8fccc7952d18142,265a76394b.com,Domain,[B]
Domain_38f09ea90010124484f42ef3b9739b698bde4de26b505c523a03d08de19b9a67,38f09ea900.com,Domain,[E]
Domain_39dee509d29142caf91607613e7ff0ae8032944c338a5f7a42be54a7cdad16ff,39dee509d2.com,Domain,"[A,B]"
Domain_5908b907c4faf7a2bbf7e2b9a25b29c52f085728777a65bc76b38ebfbce3aa2a,5908b907c4.com,Domain,[E]
Domain_5c522455cac4ee6870ffd9a6f9568c86394744df821291928eb4ff8a779efbb3,5c522455ca.com,Domain,[E]
Domain_9a1954f84e6070174caa0614e0b79bfac42c4416ae8f200836749ae05a3c492c,9a1954f84e.com,Domain,[E]
Domain_9a29122f1eefd5d8dd1b20f14ca9b796608e7567fd769c94ab2e39143347e081,9a29122f1e.com,Domain,[E]
Domain_a23199abe7be107b209ee6e84edb0489d6f8f1d6c7f4b79e5c082df5e362dc6e,a23199abe7.com,Domain,[E]
Domain_a862079db9fcb59b2b81b3a114aced6a857fd0adb30f434ff683b89f1e4abb7b,a862079db9.com,Domain,[E]
Domain_aff80b16a1cbfd91ab3a158048e5c99d4a053ab9ea757ed84141fa7a39e3411c,aff80b16a1.com,Domain,[E]
Domain_b8e5ab786da2df272ec5ae73af2b674b14736d5427fc80ce26a0d06f0f066003,b8e5ab786d.com,Domain,[B]
Domain_c7192213c2f7ba0ab539547679bbfab79920d200146ad6347dd669d8a6f60bea,c7192213c2.com,Domain,[E]
Domain_ddf389bc4953d1d3a9d267d0ff9332182adb9e93f41444fa65f53294daebc806,ddf389bc49.com,Domain,[E]
Domain_e5e34ad079fa8e284b47409407dde50949da066862dbb1a83f0e1f4a31ae2cf3,e5e34ad079.com,Domain,[A]
Domain_ef6a36adce3940eba868b053f48ec421dae5b9565c19757e592a9f2c878dac29,ef6a36adce.com,Domain,[A]
Domain_f42f2fc2da3314de4122ce5cb847c368909a555b7873224c86ca2116a57d0a48,f42f2fc2da.com,Domain,"[A,B]"
Domain_f566bc4852b9b623a60fc0655bbc5e8cf828ef9c6e2293f4d1ad89e4d5cb6466,f566bc4852.com,Domain,[E]
Domain_ff4a2654ba66a3808fd1cce0ec0ec1e1d9f8d54461a6f3f9c89b7572e9920d14,ff4a2654ba.com,Domain,[A]
Domain_02fdb7e5ddca4aff021de3a3b41e4aeea17eb9fae032e04ee71531ed19d9a55b,02fdb7e5dd.com,Domain,[]
Domain_07095e444e814ab1d40e693c9af393ca4e50d2bd55ad02451df5ae129d210f44,07095e444e.com,Domain,[]
IP_8825af1b085a177c9fbe38f62c83937cb896fd4c46cc6726fd9c641e5c0fea60,129.227.xxx.xxx,IP,[]
Whois_Email_91e0f65f5e2ade2b90edc1f31fe989f138a39f35650688c2da28ebb5ba29a7d8,wangzxxxxx@xxx.xxx,Whois_Email,[]
Whois_Name_9bf9ce0d5302876657f37557cd8beb6dde7fb29f56370227ca7452c0904328f2,Yanxxxxxong,Whois_Name,[]
Whois_Phone_3c7409957132fe5ac233d4dd715dd018be212923b746abf8a94a96eb905fb8fb,+86.133xxxxx,Whois_Phone,[]
Domain_110fb52a3afd8dbd4d2c36688306166f216e5a19362ae554addf7677ee568aea,110fb52a3a.com,Domain,[]
Cert_c01f10c61adcaa00ba6d4b85d30ec802bae76597915d7da4f8f094714ab0c597,c01f10c61a,Cert,[]
ASN_3acb98d8043248d884b0236acff6e75a199b89dff521dcc142d59df236c7992e,AS_3acb98d804,ASN,[]
IP_CIDR_a9831fae6d260c583ab0b1086472a75f39f52ddd8c8fcb4c8f428f7f085e1022,23.224.xxx.0/24,IP_C,[]
IP_CIDR_26ab5adadae61886e3865acfe443c8dd71211cbbedc05fb843672bc2ca3dad6a,156.239.xxx.0/24,IP_C,[]
Domain_f46d307d274bb9a830daa368b0cd60b60b11a19245f69807b22270e54720699d,f46d307d27.com,Domain,[]
Domain_5aad56e78f39171b2e34e3472b6ef105094939ab63060247f3410a71d4272f9c,5aad56e78f.com,Domain,[A]
Domain_04ca50b198743a81ac9be096235e1de24bf419eca6ada053b50f5193759ec0f2,04ca50b198.com,Domain,[]
Domain_24882fc6210b140a2432a6ef795052b57de43cef2a8616ac8f7ac29b20dc069b,24882fc621.com,Domain,[]
Domain_2ccd4aaa6c4d264795b0433b989a6cbf1e5aa9aacc336d6198b702deff7d8153,2ccd4aaa6c.com,Domain,[]
Domain_3173cc5c761002c039e1a3fdc4ef83d0b60c30872d77bdc948dff6aaf9c9d3d5,3173cc5c76.com,Domain,[]
Domain_31ca322cc6d85224c18bf1b369afb4e4bc9e959c3d854454abc229940982cbfe,31ca322cc6.com,Domain,[]
Domain_346980d240393d6eff4df9cef6e97941fb8ba4272d7ea878067a1519df04c354,346980d240.com,Domain,[]
Domain_368a55098f8069d40771f440ec5af02ab2eaf880061c78ea1b5c940c383fb23c,368a55098f.com,Domain,[]
Domain_3aa332c51634000666c571177aa69d79bcb6ef2f2738c1286c69809eade5541e,3aa332c516.com,Domain,[]
Domain_3e1a17bf0d9ef232875c72ec7f887e330e5ea9b3e7902766c2a6aea0d735b1ad,3e1a17bf0d.com,Domain,[]
Domain_3e51451557a955631ae2136f6290de669138c94daff1f150465531ee24faa00d,3e51451557.com,Domain,[]
Domain_4dafb6a26b7e537d0e7e9b149253ba4c46debfc572ba91b8c22f58b7fdc6c044,4dafb6a26b.com,Domain,[]
Domain_5a41766995f5a19011683ad6fb27a36d0444265535ce440cfdc48924346188d6,5a41766995.com,Domain,[]
Domain_5bfd270749a2e0aa886a4b6959f2f6be59d13d5b122091949a6398d3f86c9b2f,5bfd270749.com,Domain,[]
Domain_5c47689c9fea7d89bc1518e34b09b731d21a1e0320ae0d084e4dac3c951cd984,5c47689c9f.com,Domain,[]
Domain_6491cf46f73cfde0be83a5bc0a18dc12329b9641de651edd4b4724c7119debdb,6491cf46f7.com,Domain,[]
Domain_6bdbb6ba871f392b98bffb695e0e9c3d542625c7308ec80e57a8e2582bbc11fd,6bdbb6ba87.com,Domain,[]
Domain_6fb0f7a277e40d065409642924711dad150594c5a987801786da2980a287e245,6fb0f7a277.com,Domain,[]
Domain_7048137ed28817bfa589ad453edfa432f765823fc4655641fbcbf45a81048d1d,7048137ed2.com,Domain,[]
Domain_47efbb0be0aa20ec19a7c7348f557fe6a2bf5715569802b1d95b5b8e38c1c8f4,47efbb0be0.com,Domain,[B]
Domain_d210c0436142ab192c78dff4afebbee0e583c4cd1824060fb90efec65c3d586e,d210c04361.com,Domain,[A]
Domain_db170d1b553020f5ef401942c4cf0efefb12b790311c451e96befac4e5bb161f,db170d1b55.com,Domain,[A]
Domain_df35f0a5a272525f008cd4ce6f5e874ee979e6cdd439c2db9401764babccc40f,df35f0a5a2.com,Domain,[A]
Domain_3940b5d926daa306c2273e1c56583158aab1ba48279978f5051b87d92c630b27,3940b5d926.com,Domain,[]
Domain_511e2087ce39849f01f8bb33b9ab6fd02f7574c91339a7a8b3828dc5d5de62be,511e2087ce.com,Domain,[]
Cert_90251c3412b1d10fed822153d9877b1dcb2eed0b35c174b2b1f8b1a58de9bc7f,90251c3412,Cert,[]
IP_2eec711d731faa1b677c62cb897e58cc1c296c1f9864abd447dec6b04b6cea0f,43.129.xxx.xxx,IP,[]
Domain_dd8939ede57b0c0f8a387609441c69399a0ef4ab7516a6e927b8b86d10a95b12,dd8939ede5.com,Domain,[]
Domain_bc9c0f77d9f87ea79b2f49a0f3079e7e93fbf06162d7cd89066ae95a18ce05cf,bc9c0f77d9.com,Domain,[]
IP_4388239df158d109a77362b1005f194160349eb19f4882e017c8316af464f9c2,198.23.xxx.xxx,IP,[]
Domain_36fd1f26e051d752d86580f3f3674a48f488a5785a5cf145e37c2f08999caaab,36fd1f26e0.com,Domain,[]
IP_fd1466e72d137176ee7d85c8b1d286fdfba318ff80048df9c18155704c997088,173.242.xxx.xxx,IP,[]
Domain_d7632006adfa48173b7791317e2c14bc5633a782816812fca33d198c5ac65844,d7632006ad.com,Domain,[G]
Domain_44ea0fc049750533fd490ba1b1867062d168c57e36f5ce40469512800c4a2f27,44ea0fc049.com,Domain,[]
Domain_b6ae03c6b2e79be5e1f2b2938fb27069996d9a29daa6e3e8f63da65a7baba520,b6ae03c6b2.com,Domain,[]
Domain_d544953df628ea3b0268350be0b607e25f954435ac8582ab50205c7bc48c5685,d544953df6.com,Domain,[]
Domain_4a17a04e1db069c8eee11f9506ffa28eb0e7b2ec45d56a554598e236313e3a6f,4a17a04e1d.com,Domain,[]
IP_aec2a023e5650a099c10e3e2fec8ce84ae750ef03b60461e1db9e7b3c1e9104f,122.114.xxx.xxx,IP,[]
Domain_36803e1c298213dff560d1baadd1c72e3e19280e132e34cdf3ef1778c1d06660,36803e1c29.com,Domain,[]
Domain_32a1ba500c27802fffac2e8bdee0a42c4b6ad20bb83f10bd67c6c906d1080f4d,32a1ba500c.com,Domain,[]
IP_60a434bcc57af53ee199b374e4d543019aae5aacf248f16b915455498262c47a,122.114.xxx.xxx,IP,[]
Domain_c54d5536fa66c39f958ab1083f253ae9818fb17d90a84e4c2c69c824fd91cbeb,c54d5536fa.com,Domain,[B]
Domain_6d278fb8a7afe7e429cdb87846524922ac2ec6157bddd3b4e73f22f5b9f3526c,6d278fb8a7.com,Domain,[]
IP_41b5985edd237ce06deb60706820b910791c03ce847f60803b8d8a17c6decf43,122.114.xxx.xxx,IP,[]
Domain_92fb8a891da1af4553afebe7c7ea92c279853dac417c2072a74f3722d5e02650,92fb8a891d.com,Domain,[G]
Domain_7a1df4eb293c874b765b82ccc614c86843d227da174aea401e0dcadd02fddfbe,7a1df4eb29.com,Domain,[]
IP_041e02ffc96980ac7af5ca4e7742939605a9703d8139af0933a6bcc04c99271c,129.227.xxx.xxx,IP,[]
Domain_a920ee694b49d90eb5a86e7bdf2427821e70cd6a57c22a656f49b261ce36ca2c,a920ee694b.com,Domain,[C]
Whois_Email_9d6422f953a6dd0efdb98026b8ea6135b70593b41f12cd8587ef2333c6b8c906,97205xxxxx@xxx.xxx,Whois_Email,[]
Whois_Name_51b6118b2aeed0bd3e524bc3b590d073f97ceffeef3368e74ba2945d826a72ba,陈xxxxx生,Whois_Name,[]
Domain_7de17d3af65682629b17701449e682342021dba807bf64f1282594a63fe93143,7de17d3af6.com,Domain,[]
IP_ac9174b205d9859bfe70d1d0583a4245d8deaa063853b645e0f62001c48a4918,122.114.xxx.xxx,IP,[]
Domain_ca40babfd1d7d23f4b9227f8407608d589dbfccefb648e81659c1b9067fd3058,ca40babfd1.com,Domain,[C]
Domain_4d82bbc16c821045080f55e52f9f6724e501394539a34d81234b1444abe88680,4d82bbc16c.com,Domain,[]
IP_088e1f374e08f589ea11d6962feddf5b7c531bf2f236312772241c580a67229c,129.227.xxx.xxx,IP,[]
Whois_Name_be59c72b7d1869fd129bea13d68caccd53488cd3dafb87f1765ac37a812e302c,李xxxxx伟,Whois_Name,[]
Domain_1412968f519e51fab285169fe411cb7202139384c2feb012a05b88c0ee13de36,1412968f51.com,Domain,[]
IP_b978dfdb7c36e763af8e146329f69decbc82fdd58590b5aa6322347361b4fec9,129.227.xxx.xxx,IP,[]
Domain_85d88cf858d0d872b1aee6faa25ef1dd4048e7ba95c637e9ecf38c8a971e4953,85d88cf858.com,Domain,[B]
Domain_b74cdd9e4768d0b3a8672fc40b14af1c659d2e97de3943f19434338efba3ecea,b74cdd9e47.com,Domain,[]
IP_31db567ed22294eb6a41a21ee15ce179ca4d14a0419c701e4324ff94464f50cb,129.227.xxx.xxx,IP,[]
Domain_fddb12dad2babd3553efa1210ab41806dfd9c53b55fd77301f9ea74dfa3236a8,fddb12dad2.com,Domain,[G]
Domain_078c6bb043e9a8c387f5730c1c056e2ead485bd12ed3cb3c495980891d9ad10e,078c6bb043.com,Domain,[]
IP_19c21de4ab651f8b11588022adbef1a7ef72eb089e96ec3d1ea0b98a2048f9e0,107.151.xxx.xxx,IP,[]
Domain_57561f7a23e9d3d10d94e74ccac50b0bfbb529447f981b3a4b80616cbbd6b461,57561f7a23.com,Domain,[C]
Domain_1ef8e3539a014c95632f9e409233e7ea02aef92dfed104ba1d81418e34b9a8f0,1ef8e3539a.com,Domain,[]
IP_fec8664b72a4f69aa628b74fc4ee16aab12802716a9327a7e2c61dadb76676d9,129.227.xxx.xxx,IP,[]
Domain_6804ccca289ebdb3373977863619369e416920f5446523ec8f2c781137b056b6,6804ccca28.com,Domain,[G]
Domain_1eef93fbc0195162ba18e806ea7dddf2db96cde1290bbb037f8ab9d4edf0a26b,1eef93fbc0.com,Domain,[]
IP_f5c9f8cd7179dcaab642f1636ebc1f0f4b3175788542422d3a927897eee9d6d6,129.227.xxx.xxx,IP,[]
Domain_afd32dcf8a896a39ec498f3f21517ee3d8dbd1221d45520c14a471dbbfe1cd9c,afd32dcf8a.com,Domain,[G]
Domain_40dc04d94942c292a2cca35e788b81118ec70b5910e89bb23433a81332ef1f2d,40dc04d949.com,Domain,[]
IP_c95077f4377f73438b36aaddbdc6ec225d4f10c8cf8aedbf5fc34f1b9683a5ac,122.114.xxx.xxx,IP,[]
Domain_e827445fc388f43b00e13447f8c03b21ee69c6a829a33a78950cbde4c4c672a2,e827445fc3.com,Domain,[A]
Domain_b319dbadf54264c09a34c1c3da78282ae908d4cae6ae91273fae825d823a3f66,b319dbadf5.com,Domain,[]
IP_3a239d3106790869a1deb0a92fc839c1a4c976a09a79236398190bce2f637443,122.114.xxx.xxx,IP,[]
Domain_7a2ed6e175abd1ef8e5bd5ea187ab63c389e8308e6a82ad5bf8046317752f14f,7a2ed6e175.com,Domain,[B]
Domain_8a1151b81a1c587d79ec2953a0624bd9d466a8a8c5ab0da4307c9d87443acbb0,8a1151b81a.com,Domain,[]
IP_6b5f6087ab963dd71a6c4aabbe593a953690cb156ed87bb84e13499ab1866fe9,128.14.xxx.xxx,IP,[]
Domain_fa11da49ec90a694be53a68d9f95b93cff264d20d9d971422423440159e77ce6,fa11da49ec.com,Domain,[G]
Domain_591b50037f1db8357b008bcfb3c1d7da55b6d308d1f4201384eccec4dc9f00c8,591b50037f.com,Domain,[]
IP_c79062663c51f2407cf181f5b5c7cbbeffed0aff076de985a8c8bd9d667b13c0,129.227.xxx.xxx,IP,[]
Domain_df9b72f1c9a3a7f916f6dc4c926eba68da1f23565c8312581ba68a84bdfe5ad1,df9b72f1c9.com,Domain,[C]
Domain_a16bfb2805864d66d2fb5de7d1f810a040ee9fcb4e6aa81eee202df7beaad9ec,a16bfb2805.com,Domain,[]
IP_08d5e9b0930f6830ea651222a37d7f7e0d79c72faa8d1a2edc53bba156bac5d5,122.114.xxx.xxx,IP,[]
Domain_6140fecbd19e619efedc35958d7d41885b47d500935ce951a9a8968131cb9fc6,6140fecbd1.com,Domain,[A]
Domain_89a6293ad2539970a9d2a5499f4e14ef998cd8dc19f03f05e00dfc741cb838c6,89a6293ad2.com,Domain,[]
IP_0836271bf4f24cf634475a94c0cb69a90b17b533d938de817a4e14b00c8e3a9b,122.114.xxx.xxx,IP,[]
Domain_920f05accc18c0a6ab0f5e0154f0bbbee8932c3f13083e619f5cdb78df5b1f9d,920f05accc.com,Domain,[]
Domain_d149a1ce69b366c9fbb83245bdcb9fc2988ed4afbf7740c94bea708b470d66e9,d149a1ce69.com,Domain,[]
IP_b1fc9978629ee1cc2b8907d910cc86b40866348b7f1cd0ebbc2159b8b32bb966,128.14.xxx.xxx,IP,[]
Domain_5ab8ac1d96964be92e9019fccc5d664e1b506bb925078cf22cab40ac19ce8f8e,5ab8ac1d96.com,Domain,[C]
Whois_Email_910eb6033328f3f3d2eae3a2ffae550e3a11f2fb5291c38a0f8f853f49d7fa03,m1556xxxxx@xxx.xxx,Whois_Email,[]
Whois_Name_f85b1018e7f4932dc182bb059490aad7bc44c963c5792d93f7c7038717b7b0d1,顾xxxxx辉,Whois_Name,[]
Domain_7d5f5e2a848bdd43a4adb0b184892ab73e68d4362c5f3bd3905a67d15e4b166f,7d5f5e2a84.com,Domain,[]
IP_2c46d09c7f1bfa09b148043e182b3c7ae0216dfd6ee9d568cb36fb675bed9f24,122.114.xxx.xxx,IP,[]
Domain_abb4d1692b761f48fc620581c8522f185ef416845cd8efae6aa0d71d7a9a264f,abb4d1692b.com,Domain,"[C,G,A]"
Domain_ef69c492608a349ec5ccf432ee4c680f83e2ef34e5a1a786db1a1beb57149428,ef69c49260.com,Domain,[]
IP_b8268cc414f6a84688c2e53a5a84c2efc2e530f3baa2cb0988ae1d33106e41ff,122.114.xxx.xxx,IP,[]
Domain_bb25143379afcf5fadafa6e248522a4c3dfabf65f95eef0c2830e6ee49f9df7d,bb25143379.com,Domain,[B]
Domain_5a39548c6b2ee7e6ee648a164773efabf716e34376b3aed2ab747807b1f396fd,5a39548c6b.com,Domain,[]
Domain_f504be92d31f1bb18deab590ebeff7b173d063a25c6bc21306c92e44a65173e3,f504be92d3.com,Domain,[]
Domain_af23525535ccfd70c339f0944089374081c0862fe603ebe737145e22a587c9f9,af23525535.com,Domain,[]
IP_020261f4836acf703b6d40e2fefb9489cd1beecc962b07596543d4469fa7ccfc,59.188.xxx.xxx,IP,[]
IP_0440aca67fa85156fd82fc9eaf5812ccd1508fc31c3e6961030bda77784aa56b,59.188.xxx.xxx,IP,[]
IP_0726e1ef437de010b3bf6a6acdd07b6191767b91b93c59fe5e45914617ac57c8,58.64.xxx.xxx,IP,[]
IP_09decd28366d50cf52e0b2a47553f1fa5f078c60694c6931cb19b178ab632cec,59.188.xxx.xxx,IP,[]
IP_09fee599d4eab94dabdb805d332c7724226321c3f5dbc628392a345df95af84f,58.64.xxx.xxx,IP,[]
IP_0a152c2c5ce491df433db568607542a9437b46c0e5f9f593403c1e06c6a2e6d5,123.1.xxx.xxx,IP,[]
IP_0a53dd70a6eadc8f207e2009dfcfc93a9fdf655ee05a208aaf8572e9425944f4,123.1.xxx.xxx,IP,[]
IP_0aa0063770a12cca741e155470ac3b04d5b35d9a938e0b12988f550415db08f3,210.209.xxx.xxx,IP,[]
IP_0b48a2b5634eb88651d7bd58871fd19353ebdb30527e369f588abe2160c450f3,210.209.xxx.xxx,IP,[]
IP_0dcd36e811d6eb8f0dd89c7e454f02a1d66b3654288c7a747d813085faa5a654,58.64.xxx.xxx,IP,[]
IP_0de6f1e6858489c20f34e00b944c888486c6a185d668e2e9a1862b7e9018ac18,58.64.xxx.xxx,IP,[]
IP_0ec7070919b2722f10ecb87a7c67887be5939c07659c1c1e733df515f5485c1b,210.209.xxx.xxx,IP,[]
IP_0ff3d33d4748eb3214e2a0c975629bbca0073bbd7008c35e802363ba132c4d8c,59.188.xxx.xxx,IP,[]
IP_151373cf971d475a2f526048ec7e670d0b99b5901516d9139e9dd14e140be4ab,210.209.xxx.xxx,IP,[]
IP_166d67b6c44856581197a4f8bc06ea595ac3f2ce6fa0019953f7c21da5f5ea06,210.209.xxx.xxx,IP,[]
IP_1761fcb401486ba348b3fde361f34a545853619ba7ef95cbb802a34adab5309e,210.209.xxx.xxx,IP,[]
IP_18b617e66b55c12fd6bd8c98d15ba78abf7839dea768ba1225ce61bc2bb545d9,58.64.xxx.xxx,IP,[]
IP_192cb7b84d15960787b674eb4872986ea3ed9177ea872ffd652e3c2fbde69bce,123.1.xxx.xxx,IP,[]
IP_1a25212e7091dddb68bf534716a067ee6cdc8b0d446192bb24fb58a5e2c0c0d9,59.188.xxx.xxx,IP,[]
IP_1b17b54bf62349d0ee799bc5876541f0a8dcb4f5d769e52226a0a0365e252438,59.188.xxx.xxx,IP,[]
IP_446e539802505a60c9c62c1b8990982ce387dd58ea685c22da98e1cc1105ad7e,123.1.xxx.xxx,IP,[]
IP_598eaa6b87bd84d18f251d5abf174c567556dcef895f8d4285ce27528e612d41,123.1.xxx.xxx,IP,[]
IP_6066b4a55bbebe56252ed3858e0db1177a3f514e51f8bc0198fd8b4fce5fc3d2,123.1.xxx.xxx,IP,[]
IP_8a8814f6e34e1d4a3efd6f917ab626f92d397e6f5bd2bd7e145c74936f8d2cf4,123.1.xxx.xxx,IP,[]
IP_8b262b44312b7778eb06b8f482c6d5225c34c999c5c710ea6dc91f66f586e53e,123.1.xxx.xxx,IP,[]
IP_a036737f8dfd4762f21fd9b035f1f6d8f9dcbf069a2996aff0165e440e2b960a,123.1.xxx.xxx,IP,[]
IP_a3adcb3e78e2cd98f2d1d63439254e57d14b7b21a5d75ec5135aa891890f7324,123.1.xxx.xxx,IP,[]
IP_b3328a41636bfadb6ad08b44d55e2bacf345a2eaa2512fafb223ca4365f07e43,123.1.xxx.xxx,IP,[]
IP_c8d04173435b0ee3cc701966103b45ec25c4f7171b52d11d9350281540b14603,123.1.xxx.xxx,IP,[]
IP_d59a71fc58715edcc2b738cbb692478e6e0a266df9db3057579d115907b34f16,123.1.xxx.xxx,IP,[]
IP_d93f8b21ba73d11e9d77ae8b490eb5db5d427690e3c5c9609828d174c15c27e6,123.1.xxx.xxx,IP,[]
IP_f533b2067ff573fe34611cd8c8cf2c0955cebfe3984b2224984812daa63dffda,123.1.xxx.xxx,IP,[]
IP_0b4d4f14e83ab236d4e7b2a8ea7fdea14c540df12f8a1b7fb4c9fc759d04c01c,107.151.xxx.xxx,IP,[]
IP_0ea999c4635ff1e5110400bc8d12531ba414a6829fc2e450caab97c85d38b41a,134.122.xxx.xxx,IP,[]
IP_3cccdf5d0668432ea9ee799e1ff8d3745440fd233649677e7867cf0adefd4874,194.156.xxx.xxx,IP,[]
Domain_792cf0a4067f1152dda77850c6581df4161a83c1d9be7271c6720a5489328b4f,792cf0a406.com,Domain,[]
IP_6ad740f00fb066f459c793f1798d107962564c0202034150aee5801cae566989,107.151.xxx.xxx,IP,[]
Whois_Name_684386e916a2920dcacf96df4b19a08924b206b79bf509da3066ebfca0b8419a,Pixxxxxan,Whois_Name,[]
Whois_Phone_d9860990925f0f137c84c393caed7336d28e68a452322d3ba950978108f72227,+86.755xxxxx,Whois_Phone,[]
IP_da1e2a15f66f930c875d5aad622167dfb1e0f887daba2852e964578bf53b9a81,107.151.xxx.xxx,IP,[]
Domain_58d55858d7c627504348be17357835743ff3dc6da02f673b546137cb1d43e8d2,58d55858d7.com,Domain,[]
IP_d611cd0d892dd0e4e04864309a6bd726f81a478396e87056ae5060aa1cc4826e,107.151.xxx.xxx,IP,[]
Cert_31aaacf1b0abf12bc01c9ad417f5c959e2f627b4ea7ce45c5bdc2017d4d55faa,31aaacf1b0,Cert,[]
IP_bc56802dddb19184f9c3b93f34e8e1e552f340d8c57e4aa841f9f6544cc44d03,107.151.xxx.xxx,IP,[]
IP_c380793416b2a518695b2a6d89b620a1ec7429c911f9cb3d319719d1aa0c9ffd,107.165.xxx.xxx,IP,[]
IP_1635eff08931e115655acb4097b732927981e9a47ce5a778e63dfdc19abee895,107.151.xxx.xxx,IP,[]
Domain_961cc51c9d7f1cd91596f73356b5b4039deab7b78a97d33f413262020c2aadb1,961cc51c9d.com,Domain,[]
IP_1915c72e7f4b4b0b69fdc2611ef62730aee67bea06584e3f7512048d056345ee,43.251.xxx.xxx,IP,[]
Domain_6a8c811baaf827874bb2c485018bfdeff9cfc6b4434265cd2ec17aa32c8eea57,6a8c811baa.com,Domain,[]
Domain_4335558ce6f0aea8e19d62c3725abb3dc4b3d80c6b910b965db5dfad7bae3e09,4335558ce6.com,Domain,[]
IP_b78bf816b5aa3bda1d99f56c47bc537ddbc407f71ded3a44c2665f9558441165,107.151.xxx.xxx,IP,[]
IP_c884a9b3895863afbdb19f95970fe638692df8409bc000f4fc9fe7a7729c1ed5,107.151.xxx.xxx,IP,[]
Cert_e806d1cde02fe277b9b06f6a804d4b9e84d5a72d624b79f7b5602242c638c1a1,e806d1cde0,Cert,[]
IP_633ded42f00e76acd1248c020000c2605d996c24372053eb6169fce32077044d,107.151.xxx.xxx,IP,[]
IP_ffbf6bcc89763e63ed46f8870255b0c491e5d0d3e1c15beddd772496b373caa6,43.251.xxx.xxx,IP,[]
Domain_af51eaa02d119dbf3a558d276e90963b7f45a24d6147a6c72099adc344e508b0,af51eaa02d.com,Domain,[]
IP_86d674eeb343174e4539a238082511242e11acee691e31f2200ce7d151e40614,107.151.xxx.xxx,IP,[]
IP_c8f9360428ef65692050cfa6b98c456362b49858a3aa6bfb586ec5279a11681a,154.36.xxx.xxx,IP,[]
Domain_a2d2208c5348b93e3ddc90439ae6c7eda49cde8c4e1e35609d978e3c3209156b,a2d2208c53.com,Domain,[]
Cert_e72592e3cf6097989d7af61181669ba7c72fe3e7059ecf79f284391665d32fe5,e72592e3cf,Cert,[]
IP_38d08556e5f342ddca3d2001e92f56b2e835b43a8ff78e202ede932442cae5b2,116.206.xxx.xxx,IP,[]
IP_af6dd37b8687bbdbe15049945457e5cf2349b2b19a5bdf507a7adf334936269a,154.221.xxx.xxx,IP,[]
Whois_Name_d5c71522e37c54f37064c6e6d1db2cb340700817e3b49de6295f93fa1cf926bc,Lonxxxxx Xu,Whois_Name,[]
Whois_Phone_f674b1e6cc505ab0d900542c64abee4704c1fa95a1d302f6eb3739d93b0ea8ae,+86.108xxxxx,Whois_Phone,[]
Domain_2a3ad2507c81d1bc5f0a9b7079a28d9f31dbfcfdb073f5f8d7ba3fb1c882db9a,2a3ad2507c.com,Domain,[]
IP_2e2d6c5682753499f211e2a68ceb4d39ca08e1a0958ecedbb00888c6ef420a55,103.49.xxx.xxx,IP,[]
IP_bd70c565e494798489f1cfc6990fdf8370b0102eb7d8b63d7e743a75ce86b301,154.196.xxx.xxx,IP,[]
Domain_0c30d61616453c54253f375690812932d4242fe583e1d23e528a1adb21bd81f8,0c30d61616.com,Domain,[]
IP_389584dca44d71d813a8e71085386dbc239ce8c34c423feb9e7fc9914d813e3e,129.226.xxx.xxx,IP,[]
IP_b7814468d7a0b687f2f92f4b63a2327d67752e2b472ddaab0f0536720d8f969f,129.226.xxx.xxx,IP,[]
Domain_c1af67f1e07694bdaef275df2896ff1511a3fea83935e8dc7b44d17a49c1487a,c1af67f1e0.com,Domain,[]
IP_f623741c02cd8f9a9667cc54664ed4ba85d0ef3a300a8026736415907845c6fb,124.156.xxx.xxx,IP,[]
Domain_69beaab42d79298fc6222236dc32fe08d15935f63448d116987d0759794e3696,69beaab42d.com,Domain,[]
Domain_1be948dbf9ec3664f95304b6ecfda432b6723d55cd41bddbafdad6ab396d2e77,1be948dbf9.com,Domain,[C]
Domain_38cb1c7503c53c364706277eaadabdffd08ed0778fefa94fddc1cf7f716ed907,38cb1c7503.com,Domain,[I]
Domain_6bcce8e1720df0b725e787393a811161359fe626d9c02606ccbf01b92fae1eeb,6bcce8e172.com,Domain,[A]
Domain_6d9294378c54cfafb192633c7b3b51118c202fbd585f232fe9af20819faefe4c,6d9294378c.com,Domain,[B]
Domain_6dc9c4a2bc62d066e04dc442c9f6c464baeed0b429e3218f4009d2c61c800012,6dc9c4a2bc.com,Domain,[C]
Domain_9752ef7f2eae328a49e11fe1d69d912f519f2d6a5e7d1febaf2a2e917f60bb96,9752ef7f2e.com,Domain,[A]
Domain_a2a44bf8f65f8f089df8fd24605f5114b9b5139f84c14cbc330aa462c35a4098,a2a44bf8f6.com,Domain,[B]
Domain_b0f42be45f92ea560fbc8247e305aec2261d35c796ea4d5e0c2b939cf99647af,b0f42be45f.com,Domain,[C]
Domain_d4fbc453254e2b585d596760005dc921bf618928861775273b86f80f66e46d8b,d4fbc45325.com,Domain,[A]
Domain_f90bc78d89b481204002e3518e153baa3904f35e596ce90e353fbb05ba5fd415,f90bc78d89.com,Domain,[I]
Domain_005370b70740504424153f66bfe05f2088490ad90a6e3a74087012717c00e45b,005370b707.com,Domain,[]
Domain_06b7cff1d5f4c5fda841c547047d7369420290d9f77ec57867507ed003da908d,06b7cff1d5.com,Domain,[]
Domain_1005b79f35860b1c262b3695f2a5ac5a2a032770369018bf9dfe92230367ced8,1005b79f35.com,Domain,[]
Domain_13c42205a4843c44fe3a9420b69043fe70bccdd2bec075219aae4dc904c13542,13c42205a4.com,Domain,[]
Domain_1416ab4fb4960277a86c482f5eca938a24af9e32890ae6645feb85a9807a1ec2,1416ab4fb4.com,Domain,[]
Domain_180d6b96f18b2f77586dee834b86b5e1f412c280268769a848cb6a2f7a54132a,180d6b96f1.com,Domain,[]
Domain_1908eaf78617c0e73c3c74c6428e946028bacd04d86d9f1681c843beefc8b9c1,1908eaf786.com,Domain,[]
Domain_1d52342367455ec0e296a04f08d643ef6aa19569bd0f19deaaee3574905213fe,1d52342367.com,Domain,[]
Domain_1e60cb1ea4d04f678de7df0f3e4ecd39afc394e0a81fc24f80acfc5c1c5f540d,1e60cb1ea4.com,Domain,[]
Domain_27db29359ccab3c055972c97d65356835ab6e257dff62af34db4593b63cf6792,27db29359c.com,Domain,[G]
Domain_29a2c99c65221a682f99e46967159b995e66665a413db8c2c4947fa77dd1a535,29a2c99c65.com,Domain,[]
Domain_acb4e4c62022d5a64a850bbe854822afed6fd03183eec40649a80f1740e05c63,acb4e4c620.com,Domain,[]
Domain_0914d4401150248580388fb181d674afbb12147a4763827f519c13c2007e11f2,0914d44011.com,Domain,[G]
Domain_281a1e018d769cb5ef03b7cfd42ac27c86afa3b001f29011527448d4b6dfa754,281a1e018d.com,Domain,[C]
Domain_98a116da515c30df43c680633c3df177155eac65feefa9997924e9fbdd846725,98a116da51.com,Domain,[C]
Domain_a5b352fdfeaee470a7b9125a7937c5e27893b1fb797cae54c8ed3b03cca22257,a5b352fdfe.com,Domain,[C]
Cert_010b34da968b7657eb05ed2ef15d7d745a8523eefdff6e92323549c529db418a,010b34da96,Cert,[]
Cert_01ec6d9505bf86a1a2824f887e2e9f4b8940ed63c46d099ff2af1dbb2d42e339,01ec6d9505,Cert,[]
Cert_020a6370aa6dffaa2cf140119912247fcd2b5454a9292c88706f91f6c2e8b872,020a6370aa,Cert,[]
Cert_021f05617da4a2d3f577fdea8fcc77f9e60ecd49272c43cc2c6ddf82d82748cb,021f05617d,Cert,[]
Cert_022b48c582a3dff2bf657ff57d5baa306e4ca196138522dbc7e6175081b9a8d4,022b48c582,Cert,[]
Cert_029eb41434217bcea185f5e8fa666d65f3b0ad41b02e2aafb3232c68903f6696,029eb41434,Cert,[]
Cert_02a8d6ec63a9006cd293fa321fba3ae30eafb9cde98965e37f699015d0e1a71f,02a8d6ec63,Cert,[]
Cert_02db94208c937628890bdb6d8b08b4e143bc9a942f904018f4218b017b48842f,02db94208c,Cert,[]
Cert_0374a2d027ca0d3b4a0ab117026857bcb4964fb086d73554f8c3adb80874edee,0374a2d027,Cert,[]
Cert_0819079bc0bfa9dcdf69802e793822876ad70a36c0d96cf8931b9d122118bb6e,0819079bc0,Cert,[]
Cert_091e49a6145e50a175feddf062965501db2c50f3faac7f4e4759531c52b117dc,091e49a614,Cert,[]
Cert_0a01948812d0ea8d6d60c1958b3146aa4d482206ab37b4ecd61fe7876fd84ab2,0a01948812,Cert,[]
Cert_0cba6c144552ea85cb8e36a460ffd8f81fd67d43fd4fcfd33821c59b036d375d,0cba6c1445,Cert,[]
Cert_0d09faaa8567385792c4125128782b9e99deae5c115f409ecbc35b24319539cf,0d09faaa85,Cert,[]
Cert_0d8f7a4165441d635c559069a18245a89124d0aaebe37192b8d31edeacd2f953,0d8f7a4165,Cert,[]
Cert_0db2e4166643ea2c9c5ec8bc4883e8204cb1c813f57ddb4ab59a7bb9942ccb7f,0db2e41666,Cert,[]
Cert_0e5f34ac0fb8ddae5c15bd6859e19d375d69069e922cd8a21bead9818f894571,0e5f34ac0f,Cert,[]
Cert_0e90a428f6990f9a44431adc653c7028698e10196785e8cf91bb7622e1ec2aad,0e90a428f6,Cert,[]
Cert_0f058078324ca55349377aa21a4ac47f79de4ac5e0bad4b195db426126d73d0c,0f05807832,Cert,[]
Cert_0ffa8dbee527e180b06b77269f55666f43e590e1f63cbf6f196c63a62c9ebfd2,0ffa8dbee5,Cert,[]
IP_001545d9782794a58c0bb67b8bd78e65c772392ddb6c4faa91f4b30e10cc1b13,23.225.xxx.xxx,IP,[]
IP_00c044778e59049bd9dcd9cf1639002cf5891f041982eeef6a4e0c952c2ad87d,45.153.xxx.xxx,IP,[]
IP_00d26778b56567d1a82b322bd5710bf49295f515093db5b9e257fd751ef34ee9,45.153.xxx.xxx,IP,[]
IP_00d5fd185351f586f304a3cd181e59f1a2283055ef3b714b3d2250e59c6c8a0d,154.198.xxx.xxx,IP,[]
IP_010659a0d8dbe17fff36eedb756864e95c63f7baceda78e5165ffbe7309b6df8,23.225.xxx.xxx,IP,[]
IP_010bd99be67fbbbe2d6b71b938640645d9fddff15cfa9c3cc36f31b5ae5e194f,23.225.xxx.xxx,IP,[]
IP_016a0e4d51d9e11d8815b66c6996b2a920fc78983c608a87429a1e8669c25899,162.209.xxx.xxx,IP,[]
IP_0199b300d8e42fe5f8d4a571bd0b90310a16f3a9b47f9a6200a1f74026e2554c,45.153.xxx.xxx,IP,[]
IP_022e9f778b8e04e6c27544d664aafac61bb21a4c32f952325831568c7ca9e364,23.224.xxx.xxx,IP,[]
IP_023b5256615b6a3eff8af694b4232ecc4853853c13dc3ffd7098882d744047e7,23.224.xxx.xxx,IP,[]
IP_041cf8906fe6b703a7d14c69aa34f971d39b3b3245821b41bb260c555138baa8,23.224.xxx.xxx,IP,[]
IP_04795f684af422411fee090cb2edd350a5e157e9d3214b1a1ea4f1cd63e53a95,45.153.xxx.xxx,IP,[]
IP_0490d00b7b92e4a5490203e05471780b6d03fea987fa76199f2bdacb84fa37a4,23.224.xxx.xxx,IP,[]
IP_04a892e30db6e1d1b18c7dc74a70ba87b5886be4008c22cff026b6ae1d36e2ba,156.227.xxx.xxx,IP,[]
IP_0597007b0893c34506c4242edca7b647a0bdf7692f537318e2a9e9d02dd4e5f2,154.88.xxx.xxx,IP,[]
IP_05f665e4fb4f2f564318992593f26d76cde0e98b6d02b31ad613211dbb7ba202,154.84.xxx.xxx,IP,[]
IP_060587838f846434648842c9636632912dfc43bf6a7bb9631b76e06b1067791e,45.153.xxx.xxx,IP,[]
IP_0616468ce8c12cc2d3a4dc1dae2490da91b54d591584666dfa5c3996033fa290,162.209.xxx.xxx,IP,[]
IP_068b77c2883c24041ffc8c48dcb9a7323e769b29caa065eb57abb8789fc2cfbe,23.225.xxx.xxx,IP,[]
IP_06e904015e2d18e42f6e71b09465d7e58c4fedb9f12ebd5449cb77d76b4c7bef,172.247.xxx.xxx,IP,[]
IP_0a6e1da01400984e82ca2fd6854c502e0c2100277597f3f6e73ab510da902486,23.224.xxx.xxx,IP,[]
IP_0d57b268c7f50492b0f67c1793cc81afe6300cc5fc9e4f62ec7f8426e0f1f9c1,23.224.xxx.xxx,IP,[]
IP_17aab4a9ac5903f96b2f1b298fa4e30a01b223449713acec01218de1d2f43c2d,23.224.xxx.xxx,IP,[]
IP_18499f568326fec02f87477e7c2b7399fe0d4e67a901a8147142b8792ce6cc62,23.224.xxx.xxx,IP,[]
IP_1ae6d750dd9ecb7727cfb62325f444025df4a4ed6d8a24a43785a4ff0046198b,23.224.xxx.xxx,IP,[]
IP_2030c5d2ad5f8e9dcfd43f09be1d2a3d2fae701804118c10672e1b7c7ede1ee5,23.224.xxx.xxx,IP,[]
IP_2484a4b480ee5150420ab9d4852e9b2c37e2a9adb022fbe50d2f454e2f7e696e,23.224.xxx.xxx,IP,[]
IP_2b163aca01bdbd40fb1a3780a6028d767d93029ca05d157264e27adb70b3c53a,23.224.xxx.xxx,IP,[]
IP_2d915626370ecf186b1fe769a069f58e98996ef5a112089294dc457f084a7ffe,23.224.xxx.xxx,IP,[]
IP_2dd745eb5868d64759dda7d5bbbdf012b2b73b85f8e18def875c5c8ad8358bfc,23.224.xxx.xxx,IP,[]
IP_31ebf1749f14432fd050ae99f6de6cdc0d154cfa2b6364fb9d84e72bb28443b3,23.224.xxx.xxx,IP,[]
IP_36d4ff5a5045c0012c3376e47af151529e8ab14b5a4b8d6a70ce239a432c0733,23.224.xxx.xxx,IP,[]
IP_3877affb2857cbcf282c9b30fed242feeb74cc19e18b24a5967a540b694cdfb4,23.224.xxx.xxx,IP,[]
IP_3e068e4b46f79f19408664f5c49b39cb69898a8cba84496cc2c60a250042fb76,23.224.xxx.xxx,IP,[]
IP_3e1e8aaa0b2a5ba6003f0f0716b01c44e8298f72e6e2458fc7022b37aa1dffdc,23.224.xxx.xxx,IP,[]
IP_3f4019afe9c82f610eef86cb94227e6de46ffd72e51369c271f8d3ea9f198214,23.224.xxx.xxx,IP,[]
IP_4404056cfe02cac0c4d0cf5a0fa3e49167f55a231e3d304de527bd540cf480ef,23.224.xxx.xxx,IP,[]
IP_46d6491ae988fcd3380bb98c1303fe18b4390150e523bf3496dc365f38a8a2b6,23.224.xxx.xxx,IP,[]
IP_517e2ca945f6f919a5c177a744529eefbf86aa7b3841802cac270cd593a2fbd2,23.224.xxx.xxx,IP,[]
IP_08f56683e3735a5eb4f18e9e6b0579d49413fe0229fcfb06bdbc824e13fc4627,156.239.xxx.xxx,IP,[]
IP_0d5264d5a76fc24e7eb66abb506aaed4888360d95c225a86f37f79c1a4008017,156.239.xxx.xxx,IP,[]
IP_11325220f9c62c02512a64a58ff90136a9f43f96ce3400cacaef948a45ad431c,156.239.xxx.xxx,IP,[]
IP_12b0c1c06e9e8c4fc5bf31f42d7c252518ee28e03dc5fb1f935cfb09f60fb4e9,156.239.xxx.xxx,IP,[]
IP_172087f5de7443976d76e2bede279e8a827b6adbbc39379a025dc36b3ca98e3e,156.239.xxx.xxx,IP,[]
IP_1a0f662fff44f7138e24ed9fd99d7a8f3c7a2f08f80bf32bf394f82ffc8768a1,156.239.xxx.xxx,IP,[]
IP_1b5a5b70223f92c7d49774e3e071a88555774358ad41ecfee89c2d8dcf5e1aab,156.239.xxx.xxx,IP,[]
IP_1b849c1b3e163276e60cb21c3dd341c2c8df6c107a42f0511d8bc1b4ca1e4dd1,156.239.xxx.xxx,IP,[]
IP_1de5c9db7beeee79769b3a49dd3f42f05543dc54044af2b40f8e98be9f8ec041,156.239.xxx.xxx,IP,[]
IP_28189318f7f5ad5017b083d92e1e1dcdebdc205c16e84ee35087765471bbec44,156.239.xxx.xxx,IP,[]
IP_285d7c14f06be149c1e6f1f9031c45c4bd21730a4d1045ff8b10f01b235a81a7,156.239.xxx.xxx,IP,[]
IP_29d2662283a921771e37aea875753dfa683b180e1490545ba2b8aa92bb9bde9b,156.239.xxx.xxx,IP,[]
IP_2b2dd7cc7b6b1242266389718d3abaad750934a39a7a1f295dc4c9177980c11a,156.239.xxx.xxx,IP,[]
IP_2d6cc2584e952de62b7d7dbabcc45e6d895cc670439e7ee2438c085583a4e4a4,156.239.xxx.xxx,IP,[]
IP_303a2826d5cc5ec2940acac2389b4b26e28544b3c79b3a6498cfd70b87d5deb0,156.239.xxx.xxx,IP,[]
IP_304e634db11c1adc929fe3613cff271a7b064f30ed8b122401870aaf04cebde0,156.239.xxx.xxx,IP,[]
IP_32754ad8b7297df0143a5e14a23e8b2d269719a90ea67f61bdf0171bd8c4bfad,156.239.xxx.xxx,IP,[]
IP_36adc88360626985aabaa513fade6643a114510d920ad8dc43b0ef6e7401d613,156.239.xxx.xxx,IP,[]
IP_36c47af06be0d95c734bf47f223eea462ef7025b2bfe2eeb4777b08d779a8b82,156.239.xxx.xxx,IP,[]
IP_3882fac630edd19d0b2271e4e9685c3d2d0b3e8cc17eeb5390c372978db467ac,156.239.xxx.xxx,IP,[]
Cert_c0d00a3cff5fec1cf204007339f4e82354db0a8f3c151156ff52020f64239200,c0d00a3cff,Cert,[]
IP_0458088d7526210a3de82f8c7bf290613c96c823d69b2c21da56ad6d5c57e3fd,43.128.xxx.xxx,IP,[]
Domain_4a574ffed389ef750ce9cbac62946a3be659eb701338d7a8a6e7d6cf7a296160,4a574ffed3.com,Domain,[]
Cert_6724539e5c0851f37dcf91b7ac85cb35fcd9f8ba4df0107332c308aa53d63bdb,6724539e5c,Cert,[]
IP_b93094ae54948c08956484228f9bbea8eddf052f9fba1159990bcb666ac024fd,23.108.xxx.xxx,IP,[]
IP_be6f0363f06e36e64c83570d449198813e221309d760d578fd3c2ca85320e92e,142.234.xxx.xxx,IP,[]
Whois_Phone_d3f0cdeffac04c9809f797b9520f00adb727f009738e162c176fddc464db157b,+1.802xxxxx,Whois_Phone,[]
Domain_a6e42f8160daabdd33039939e4f1326c919b60fd184a115d20968af7b65b8fc2,a6e42f8160.com,Domain,[]
Domain_f16cfdeee89c712d56ea01a36b43eb978d4e786d96d67b2e1fc563010f28462f,f16cfdeee8.com,Domain,[]
Cert_0f49c58b94bc3396e3537c74282ca12d19988fd52cfc17627f10ecc44648666a,0f49c58b94,Cert,[]
IP_7d5d43fff0feed7f4b3c1386690493c313b3467ce7f24c559cfc9f6351992148,66.235.xxx.xxx,IP,[]
Domain_735c4771683e674e92ea551c4200f45eecad99b1fac38b3a95a9e987f6d9da5a,735c477168.com,Domain,[]
IP_2090808461889288bba7f141897099ebd2d8a50ec6ab7071bbea25cdd14150b5,3.18.xxx.xxx,IP,[]
IP_653f36a9844f01be9a2fdc87b474c550ca69a92f20574340f719e5f796c06732,13.58.xxx.xxx,IP,[]
IP_6642720ccf01d4c8415eea1ac5be65c91bf21415ecf49e4d3ff6515503473d15,3.128.xxx.xxx,IP,[]
IP_88e5575b1c7632a5640ae4eb269688e6eb25e4a88b703bb9e241026d68c7944b,3.133.xxx.xxx,IP,[]
IP_e175f90735301753fa8ce7139408e39ac21d6ac8605d4ab79ab1d34a38ebcc60,3.18.xxx.xxx,IP,[]
IP_f4648e604de22a9f24e6a43b7ae8a1abcc4878700c05c4fc3a87f34e9d810876,3.139.xxx.xxx,IP,[]
Domain_a4ae5749a7f8e44edcccc0d673efa82833b74cfff06ef82462448d42767a2e5c,a4ae5749a7.com,Domain,[]
Domain_b1c947669d44356a1de8002a02adedc99c3c63328c4bf0c31cf3e54186bbeb26,b1c947669d.com,Domain,[]
Domain_8363f9c51171df73e13f043ee0865d489011ec41564e26db093a595b624f1fa0,8363f9c511.com,Domain,[]
Cert_42b74663e5dd104ae2c3d449ffc512ad065c1c1d5ca4da3639c2e730549165ee,42b74663e5,Cert,[]
IP_409aeb91422d82cf9811ada27b01a8dc51bb8f7cf7c0905ad6146270d13290e7,91.134.xxx.xxx,IP,[]
IP_c64ee607e9dcf1f42c391ccb1f5224ec3e35ce07931bb8e55bd9d56430dc93f8,172.67.xxx.xxx,IP,[]
IP_d2fa3a7c52296db090e7bd4fce49d7ad0c819a926940be26d140e5d36bb09f09,104.21.xxx.xxx,IP,[]
Domain_dd3b36efc1967d5e25150997f34e71af13553c29330302d9ac63436742f6ce46,dd3b36efc1.com,Domain,[]
IP_6e50a7fec5e8f3240ba25de5e9aa45b8314f865a1e58d6447d4bf14588832b3e,45.201.xxx.xxx,IP,[]
Domain_8e68a7e36a616af95a91e427ed6822f812a9f468a81813f75d8bb6c15bbe9b16,8e68a7e36a.com,Domain,[]
IP_be93319193b8463f878de46cd386cdf77bbcd7e8610b32047090e36d5e017c4d,18.211.xxx.xxx,IP,[]
Domain_762f1b0b8221a91e2e8a8e10aea0544f903b75f516816a9eaa2785c71924a5de,762f1b0b82.com,Domain,[]
Domain_64ed0215396ff4e87924601aa7c16fe2ddf1298ef53d309fcf4ae51d88d1bc74,64ed021539.com,Domain,[]
IP_18c65b71ba96706d0aeb50bdd4aa33f73a9f85c1a26abd0fd5fce2cca60d3992,204.93.xxx.xxx,IP,[]
