r_subdomain,Domain_ef009d056f7c9b31e8d62c8eedfeb6cbc43d8c2b10dadf85990b5d555b423007,Domain_c6576689ff4de430e82fd41fef771c978c21a5ec72d78a730c6dd9f5fc9fdf50
r_cert,Domain_b876c2909e6cb8ebeabc2b1acabfca771f095d79f130ab1e5364c918b9631946,Cert_c22fc138cc2be15458f09a60abc254ca7766ecb463782233ac843f293a497bce
r_dns_a,Domain_20174aacbf4408befc97efd375fa96038ffa431e9c4b46016b4842dddcd1845f,IP_33634223e824ab1e26185695ec87744a641406aa809ac32d7cf0a37a8496a844
r_cert,Domain_066d1b3dddf329511781e31022227da37a8634dd7b55a88cb1f842dde64639cc,Cert_c22fc138cc2be15458f09a60abc254ca7766ecb463782233ac843f293a497bce
r_cert,Domain_bb8eef3be82f85e3cbc5a311d36756baa1f76e5ebf9667765f50b1bd74f4a8f9,Cert_c22fc138cc2be15458f09a60abc254ca7766ecb463782233ac843f293a497bce
r_cert,Domain_bb8eef3be82f85e3cbc5a311d36756baa1f76e5ebf9667765f50b1bd74f4a8f9,Cert_c22fc138cc2be15458f09a60abc254ca7766ecb463782233ac843f293a497bce
r_request_jump,Domain_4d5fc3d8811bf9b7d7cab888368c0eabe940731ccfbc94eb155697d58f79a18c,Domain_0d830902669cebd6c22bd7c241661d758794cb25b26b8e2507e05bc9c2ec0171
r_subdomain,Domain_39934e11d7b33487495370339491d2bb831416f9ff70deaac217bd0b79febdf7,Domain_cd006ec633d49fafba39d007f00b8160b7c12a81073b42d537d990cf7d31bafc
r_subdomain,Domain_5065f6f06f54046c423930dbc82af1f71e140cd347015f3ef977f4159f8c2b7b,Domain_912831e886e1379c10d12ecb5ce353fdca4338fbb68a7b481ebad45c6a80340d
r_subdomain,Domain_bb7ea4512df1d154cab4d117975e92644def4faf194652825961e78c87429f74,Domain_db008c28814c0b506d4c06b89ebb3a345f33826d3342be23a152ebba905fbefd
r_cert,Domain_fd37a657014b2c45570386500ca45340b6da61096107422f9a2975d8776312a1,Cert_c22fc138cc2be15458f09a60abc254ca7766ecb463782233ac843f293a497bce
r_dns_a,Domain_4847e7faf9955f4e05d5b48752b2994776b5e512cdf34dd5eb91096533415e6a,IP_1cee34b24b24db2f2c30bd466c50de5d74b37ab346267d47951f1ed4dadd8e09