Domain_6e3ef1aa527300c705d29cfcab365a0a428e861652eb4d79637bd11e8bbaf031,6e3ef1aa52.com,Domain,"[]"
IP_06b709af2652d6f555b02531698147b16c4384566b77366b7e9d8fe731ee6ac1,110.34.xxx.xxx,IP,"[]"
Domain_cc802e6f96cda4a53a1ceba2febf703311f01e37978a35a03300783ac6da6f46,cc802e6f96.com,Domain,"[A]"
Domain_96cd45727a4922e6a72afa3de9f51aa169f6fbc4cd9a3abb7b788632606c57d7,96cd45727a.com,Domain,"[]"
IP_75a9939213d76a6e74f4dddd4d2f1da7da72c83d0c8c5b028d16e464ccbb5c5b,23.249.xxx.xxx,IP,"[]"
Domain_6900292bc91f338193259c0cf214887c3e466dc9b2e896385f914ba01d03f92a,6900292bc9.com,Domain,"[]"
Domain_4c2a84d2f73484d00f3be46ebda6b46f2e192c1dd8989eb57b714b6dc1d9f67d,4c2a84d2f7.com,Domain,"[]"
IP_b4d0a13d3327cc23b5fbcea2df4e6b983371530bb83045a242e59a827c5795e5,103.4.xxx.xxx,IP,"[]"
Domain_58ee2efd76c91c503ec620afd69e5c20e391ebf7963989d9889bad8e8b962ce5,58ee2efd76.com,Domain,"[B]"
Cert_85d070eb55e8bf311751e9469858cee7cd83d8c79da8e9e34b2d7e280e843d70,85d070eb55,Cert,"[]"
Domain_838cc7afce19af1d89d296d0dee22d23509a7f74723caf2472f5403fe7c64774,838cc7afce.com,Domain,"[]"
Domain_b93a6afd88f8cf90473e9e7ea7f66f7941c57fef1506dfc1002c3c2672f20698,b93a6afd88.com,Domain,"[]"
Domain_00e9bc2931d0e00fc6ee0eb88b99a3359b86781489b4c059210e706c18772d9e,00e9bc2931.com,Domain,"[A,B]"
Domain_2fd40b197152512b4c3d8ed9944b052d7c06e265da03a2ccb439c7e0f62b293d,2fd40b1971.com,Domain,"[B]"
Domain_92c4fe1af7c81f2abfff1a15e20187fc2f51087a77853de1c69ad05633bc69f1,92c4fe1af7.com,Domain,"[]"
Domain_c64285308e1cf47dd717b129b5f4141d928ac91b5c97440dabfac11d0e1bfc7e,c64285308e.com,Domain,"[A]"
Domain_a5ec2f3c46fa0b185ec239a3376c9ef8f0c499f726d0f261c4dbd1ea7f851d3e,a5ec2f3c46.com,Domain,"[]"
Domain_fca3fc221c1d773c8b31204af29665cd538f4d2addd8a50a4a1be03181a41a59,fca3fc221c.com,Domain,"[]"
Cert_69e73f55fc1d665783f22e952b033eb76cc454ff1fbc389cc650616fee4fa123,69e73f55fc,Cert,"[]"
Domain_5d30ba5242e5b9c09b439581d8d7fb16e14ca56616774199690a61227645bf9c,5d30ba5242.com,Domain,"[C]"
Domain_dcdb8636d63098823735fabf590566e1080e5f4173bca6cc2d37775a6455ee31,dcdb8636d6.com,Domain,"[]"
Domain_445187966e0a8d66eca899b93ad258b0130f0e15ab59e5fe5513ee03c38258a4,445187966e.com,Domain,"[]"
IP_2cd519c4d08e9c3aacc7b7a3bb28318184e4ecfab25978160790a6a635fb080c,8.210.xxx.xxx,IP,"[]"
Domain_a7ed4fbb3701464aa7ce6b11586a022c892a94e5566d72a4209f5ae09076c2d5,a7ed4fbb37.com,Domain,"[]"
Domain_bc272f0e77b3d114ba018dffb1e24bc37a021e110690ac90c7e73c0a65d1568a,bc272f0e77.com,Domain,"[]"
Domain_19ea3dad97f4b0e51f87de3027f5843acd5860408ccb66bd87d76f1c87c6de41,19ea3dad97.com,Domain,"[]"
IP_ab852858e4b3dd1cbb24066a9cc7482e8652aa068e0f7b79095a756a41e2eb59,23.82.xxx.xxx,IP,"[]"
Domain_4c8b5251a5b037cd01362ab3fdf3f476837b864f4d1baa34e14e6d42d9fcf23d,4c8b5251a5.com,Domain,"[]"
Domain_a824f0e6773ea709f990681933a7c078e1be0557c9b4335f716f1146e98869e4,a824f0e677.com,Domain,"[]"
IP_d2ea0e2b4834e0753a87c520c3a163ff6e944462ca3cd61f9b609ae952127b84,175.29.xxx.xxx,IP,"[]"
Domain_8dc70019f15b526fd8966e03865d0798ca77e1f7e15d1f57e067047aa38a86b5,8dc70019f1.com,Domain,"[B]"
Domain_0460ce614d97419a55d64d58e21b8b2e6bc634c96abaad19a97e4935e919e846,0460ce614d.com,Domain,"[]"
Domain_0d9687a97911249f3780eaef09fc7beba05b5de768711366e48bfcdaa16633c4,0d9687a979.com,Domain,"[B]"
Domain_7242c5f2a6c30572f93bb7233a2648974776f5b985038754f9043263e2d385ba,7242c5f2a6.com,Domain,"[]"
Domain_b960cbd1769b5da3594853303c6534ce8b96a4d84b0131e503278b324683d241,b960cbd176.com,Domain,"[]"
IP_faf5992744159fb4040d4f0ad274e57aa84d2e0969d9e7b8126868dc4cfaa443,104.27.xxx.xxx,IP,"[]"
Domain_058afa1130fcbec31b9d4894541ea35c0df4447d50858156d1b575e8031f04d1,058afa1130.com,Domain,"[]"
Domain_88842c7bd39f25a15bfc16b58752b9c20aea0bd86bc934de38aa3742353ae8df,88842c7bd3.com,Domain,"[]"
Domain_b5480b6673ac3606dbd43cf7e5ac47cc033697ce314587d9fcffe3a180fcf187,b5480b6673.com,Domain,"[]"
Domain_2584c2c5702241dde3b5db0acef5b011620f8e9c4d587655ea39fb323cbccd5d,2584c2c570.com,Domain,"[B]"
Domain_6defad807aa84cd2fbda6abd12e24a8291ad25c955ef7c2f1dbd51fee6fe042a,6defad807a.com,Domain,"[]"
Cert_a9545fe356179dc13cb4f3c3c24654c31d373fa8d544b6020ca6de54a8482291,a9545fe356,Cert,"[]"
Domain_b6e86994a488f36009529a1db945baf5770dff94460d5349c8e6d9413af0eb7e,b6e86994a4.com,Domain,"[B]"
Domain_f16bf6b97abd0bffc498926f57e2995b9defa104f4934f20a6c39e0ae3de8aa1,f16bf6b97a.com,Domain,"[C]"
Domain_66ac14a79f74ec2d1024940836c983d88e9ad60820a4a27b2cc1da03d1d955af,66ac14a79f.com,Domain,"[]"
Domain_d7d82317941f363da6832dd5c98855fc9c79817c9567604022509213e88a9dda,d7d8231794.com,Domain,"[]"
Domain_ef009d056f7c9b31e8d62c8eedfeb6cbc43d8c2b10dadf85990b5d555b423007,ef009d056f.com,Domain,"[C]"
Domain_e5fe995f306a375911ee1372142653fc7cde3ddd66048702394c2b91ecf1763a,e5fe995f30.com,Domain,"[]"
IP_78804997eff970e2347bbb680bda3efef2bdf56fbebe4364911c445e4dfba20c,107.151.xxx.xxx,IP,"[]"
Domain_0d027aac62461706bf50053af5d3067adcc44cf1808fd3805ccdc12334363463,0d027aac62.com,Domain,"[]"
IP_151a6875a5e0e0cfa8a87423b65a879285e6317c811ba6fe1424edec91d0b776,23.249.xxx.xxx,IP,"[]"
IP_b6af3eb853a9f51d49db9efbd30ddebb32326f6ba4964985c584e5f2cd6c594e,156.238.xxx.xxx,IP,"[]"
Domain_aaf0e7f92e87357de0f8096b269d4c84544621277a040e0eee3449b25d857e26,aaf0e7f92e.com,Domain,"[]"
Domain_dab9e6ceba1005a187b614f58bae14aae215f485277398c2cf57711ebfd6b666,dab9e6ceba.com,Domain,"[A,B]"
Domain_5a120bc14c565e3ab74edd4be9f71fb12bec5af6a5923f68bb6b20312b0f22c6,5a120bc14c.com,Domain,"[]"
Domain_b876c2909e6cb8ebeabc2b1acabfca771f095d79f130ab1e5364c918b9631946,b876c2909e.com,Domain,"[B]"
Domain_20174aacbf4408befc97efd375fa96038ffa431e9c4b46016b4842dddcd1845f,20174aacbf.com,Domain,"[]"
Domain_d3959c33e3ea942a6f438a02d442114e75eb1b677d1c64555f93447706b7cfc5,d3959c33e3.com,Domain,"[]"
Domain_a262d322322fd160f4de4675ee81af607385d7646a68d8c9766382bd69751943,a262d32232.com,Domain,"[B]"
Domain_0de8d5a6a80989b1392dedf89ca6872ff275b708438b9ecb8aacd9d59ed19b0d,0de8d5a6a8.com,Domain,"[]"
Domain_3f2d760769bf19275db674d9858824bade48ee061150f673607d60b2eba00caf,3f2d760769.com,Domain,"[]"
Domain_28442a622984f6b02423f29bf5b1788ae29b54426cd164f24d77bf4a685a5056,28442a6229.com,Domain,"[]"
Domain_8344286b96d8a45106645d9e1461e872c46431aea2c6505edaa3347bff13959b,8344286b96.com,Domain,"[]"
IP_b2dcf87731cbd81e669a120d26b176630851db66617eb861439f41664eaff0a5,45.38.xxx.xxx,IP,"[]"
IP_7ea1f08e114a638fe3988310db02c915c29772514d128f14ad4cd39582dbaa77,14.1.xxx.xxx,IP,"[]"
IP_90791f3a99dae0d970db9530fec50185af0e45e1b5166e96da08d8791b99c659,45.197.xxx.xxx,IP,"[]"
Domain_c549ce6cbb2822067a6224a36e5b1b7ac6896dc8cd726b3e9da2d9b9016a324d,c549ce6cbb.com,Domain,"[B]"
Domain_5450599b741b614297652816b294b51bb79a35bfb2cd5363f02793950aca39b8,5450599b74.com,Domain,"[]"
Domain_e0dfb1e49a88ac08259f3365a0d7c0b87f5b88461a003552d1929ee860566a3e,e0dfb1e49a.com,Domain,"[]"
Domain_b9ce8e4776cb1dc0af70406db2464c7220fba8e2503440491b2664de30fd7589,b9ce8e4776.com,Domain,"[B]"
IP_b0a9efb641318063fe0e8255e04835b1896b76babc3058661eb4245ffc63213e,132.145.xxx.xxx,IP,"[]"
Domain_0306dea87badcb5216e5337d534c98fa9129b4295fad10bdd40467df504b40c4,0306dea87b.com,Domain,"[]"
IP_3dc9bee24520ba3ef88d49d13a7248ce8afffd43cfb9258bbbfd8105cb01640f,117.18.xxx.xxx,IP,"[]"
Domain_e4c051fd8b23e525f32cc9d9e272ad1157a5a146fdea513d449f4b4a14add8b8,e4c051fd8b.com,Domain,"[]"
Domain_b70d0ff15ba7a9ea2ce7b7f6f69be37379c98c76230e25f33593d2aebd9c563e,b70d0ff15b.com,Domain,"[]"
Domain_fcedf259d17df6c6c613d5c0b6afeaaedcb23a16b248b418ecf0c0100ea80c40,fcedf259d1.com,Domain,"[]"
IP_15e87b25751ffeca32e06e8a416c5d9f5dd363279788d331bbda9a3ec15e07b7,154.201.xxx.xxx,IP,"[]"
IP_de26db68f683f094bdc0c3691ce0aa4ee0a347bc1948dd54d7837f248ef00cd4,117.18.xxx.xxx,IP,"[]"
Domain_f88583294462100f7021955114863967b0383595553c298570e12dd000d70564,f885832944.com,Domain,"[]"
IP_bf4003767e347d6f35903323d82364d771af1bb001302fd540dc1201db480ffa,175.29.xxx.xxx,IP,"[]"
Domain_c3c08fbb1a95890627c03ac69c954e7678690c032c6b71ced97b0c75750dbb5e,c3c08fbb1a.com,Domain,"[]"
Domain_70ea7284d91aaa175e4af60d8eb498f36fa6f7ac5c5f69480f3cb05a402662e3,70ea7284d9.com,Domain,"[]"
Domain_87a0d00a1f7978cd785557def56861a2d608abf91cdb564f18bfdc0f680ecbb7,87a0d00a1f.com,Domain,"[]"
Domain_b589ac72fa585bbdbd796c438afa91eee03c3bd421874c15f241df4ca6189cd5,b589ac72fa.com,Domain,"[]"
Domain_69aa731c03ecaa082325abe411aa66ed1f3f8434dd5afcb16cab594c4c5610aa,69aa731c03.com,Domain,"[]"
Domain_cb5588d0275c0c39b9d5272e62da437642d700cbb88f5e4bba0f2e4ddb3d28ea,cb5588d027.com,Domain,"[]"
Domain_170ef4e4a0bdca406dd2a5df5ab32f0dd03dd6864a7b3b30900738e06b49fe85,170ef4e4a0.com,Domain,"[B]"
Domain_44aed8da2ae1fc1f20e12b258be8811677860901e6c3149f2550464fb1c66468,44aed8da2a.com,Domain,"[]"
Domain_2add83e93081d2b2298f12f2975df3ed19d1fd6cf4a1d5931c69b44be09c61f7,2add83e930.com,Domain,"[B]"
Domain_2dcc35c69d449bf809c75167f26ae5fb116454278d9b9dcc885e355267793c1b,2dcc35c69d.com,Domain,"[B]"
Domain_aa71ce3e6abfd6fe02a5ba48df35994fcbf712926cccb08c965e4061983f1c8e,aa71ce3e6a.com,Domain,"[]"
Domain_cd43f3bfe561da642df3952c06860d6bfed08b09c88376231d5fd5ba8082ba23,cd43f3bfe5.com,Domain,"[B]"
Domain_973b33635862c9193f91b33007154837f08cbaace8225d907b74b6232e410967,973b336358.com,Domain,"[A,B]"
Domain_c8f82097a2fe41c115e7ea937ce3cc0030999155127d7b6e0c11f336ee239f28,c8f82097a2.com,Domain,"[]"
Domain_1804855ea79a75281cf4edae3436bd0dae78e0a3cb1704335a780d56d814f708,1804855ea7.com,Domain,"[]"
Domain_7b3d629c2fcbfb20191e640470c5a3e52a15c01414745c4d16244dd305b98ff1,7b3d629c2f.com,Domain,"[H]"
Domain_03fbb4372207b3328b46049f24585c6b6c3758e0ee571535730b48e2145b7d17,03fbb43722.com,Domain,"[]"
Domain_156514d0ccfaa63eb11fb8356e76e6dbfdbcadfb36b7a6a66e37d87e0a185efd,156514d0cc.com,Domain,"[]"
Domain_92a1dc726de6497b952797e2cc554ef1563912c639edb7bd6d108734b219cc9d,92a1dc726d.com,Domain,"[]"
Domain_a6834ab5a2711ef098282632bf52be673c6ed268b4c3205b1d08ddb4cae7d70c,a6834ab5a2.com,Domain,"[]"
Domain_71a92b16b7fb7c60b74864681aaa4e352148b96e940ad60d713fbf6e1a76a973,71a92b16b7.com,Domain,"[]"
IP_f1c9d33f31a772da79e8f1c5b94fd85c276255fa73d6c9d49c688fe43eaa6533,103.37.xxx.xxx,IP,"[]"
IP_fd9ff620c54e46a9ab01fbbd38a225f2ce9984831081740aa04fbf133c3b02b1,45.43.xxx.xxx,IP,"[]"
Domain_2752a73d8fd36cbb7ba80f7e0bb2441117c27374272e3e59095b9e3b97730382,2752a73d8f.com,Domain,"[]"
Domain_4b6d49c493b7796aa25c246538d92f816cd350307ed8b04c6fe93e846f2ad03b,4b6d49c493.com,Domain,"[]"
Cert_3986c3a4ca45f8fa2a3cd42d01f0419b0363cd3538adae13b8d000d002aa124e,3986c3a4ca,Cert,"[]"
Domain_e279406f238562ad753e11c3fbc1e8bc39a523eefd69c3469e02a2785f7cdcba,e279406f23.com,Domain,"[]"
Domain_5cecd34a91a29fdf7c0e4af4a615f2814c969fa0f00e9347b26199790edcdbdc,5cecd34a91.com,Domain,"[B]"
IP_CIDR_02a3b15f91dce233e449b7494c9f4da66adb8868f018737658de24cfcd8039a3,45.38.xxx.0/24,IP_C,"[]"
Domain_b87c68527602e9458587a559f71783ffe4237513d878618816155f65628c80f1,b87c685276.com,Domain,"[B]"
Domain_f7754d20206500bc00534d24c4ae018534e7530ed20ded7e38857ade55e2902f,f7754d2020.com,Domain,"[]"
Domain_f6c338275d7886c491c409f4a678cda490dcba4f695609ee564e84fefcd09e60,f6c338275d.com,Domain,"[]"
Domain_496addcc4f7a026c558385cbf7b9b2e6039b9af33207ddaf311cc9622ec2f18b,496addcc4f.com,Domain,"[]"
Domain_c2e3fce52003768a60d069d86f1435c012e55931b8689e8d3a8ca6fc88cd843f,c2e3fce520.com,Domain,"[]"
Domain_2df3ccb9a71f08111d6c36dd2104a3b8e8903bdc2fbcaeda2145b8d39c6b7c23,2df3ccb9a7.com,Domain,"[]"
Domain_bb777d7be11f2a719f600c71dc33e04b1109a23d15b5e3e69a3b755e8694b397,bb777d7be1.com,Domain,"[]"
IP_c7939c0fe9ad72cf16a09ff7ba553dec7b85aac23f2e4b7b26c7ed497d2adb52,142.91.xxx.xxx,IP,"[]"
IP_79008fdb200e5949afb0f6d0c1402a0f7dcbfd9f8a0dcec26cded2cbcb53d96c,45.43.xxx.xxx,IP,"[]"
Domain_725981da25af15948c929ce4a4a63b5ba2a4ad05a0ef7a455f72604b50a494e0,725981da25.com,Domain,"[]"
Domain_cbe0e81b04acd661f20eabad1a29ebbb589c1995df7b25f62a608e55931bdc1b,cbe0e81b04.com,Domain,"[A]"
Domain_1a5e645e013d52aed887227d8b5b0236739a30491d1fcb72ac4bf4009d90f3a6,1a5e645e01.com,Domain,"[]"
IP_4aa7dc09ed8b86674e4c73a9ea6bebd75df262eba3bc39693b5c71670f8ed637,67.229.xxx.xxx,IP,"[]"
Domain_bd62420f26c3d7a06f7c28f747d801326170089ea488f377590932a55d93315f,bd62420f26.com,Domain,"[]"
Domain_60e4f350f48dea0fa59fcd27176e0bff5f2a0d321dede0c6d6da66e10abfb743,60e4f350f4.com,Domain,"[]"
Domain_db29ba165315bdaa5bfd20d6e5552d630858ad016b5e55db547128915bafc31b,db29ba1653.com,Domain,"[A,B]"
IP_e2be14ea0443e75a8c7b608fffbc377b9aa0118bec53f597964bad9e97350108,103.76.xxx.xxx,IP,"[]"
IP_280ad1477fa9ba86f9a55f17bb820029077a73780d9c0d530736faa465776577,156.226.xxx.xxx,IP,"[]"
IP_c4fa509fc3121dc0f4e39c8407d80bacb30084117e768ca34cc5b7ec0da056d6,107.151.xxx.xxx,IP,"[]"
IP_f346ae4478c6a0cd8bd13bb9c14dfd89e6898e3b075593e6a27db5b311898657,45.199.xxx.xxx,IP,"[]"
IP_ea48f05d3c061ec6d1fb17cf1e5ee886a39f570a0ee2755e855f3d6093251e62,156.226.xxx.xxx,IP,"[]"
IP_12bb17a2c4573bf908cb68cb1dbd417906653a637b4b8c15dbe0bbf5255aaa2e,154.92.xxx.xxx,IP,"[]"
Domain_8fab51e7a6c1eb7a572457f8817fe65eb26c8e4c4ea7bdd3086744bd2be1376c,8fab51e7a6.com,Domain,"[]"
Domain_e99b96e0d23daa9de09f3581a8892956adf0bba285c995fc06b38ed05209ff45,e99b96e0d2.com,Domain,"[]"
Domain_4dab77634d3478a35c9a33e38573bb2c60667a0da4d42556e723252184eb2dc3,4dab77634d.com,Domain,"[]"
Domain_35e4e45246ac810b34acb078fc41dae89b64d1e667cb6d31701ac26c0b3a6df3,35e4e45246.com,Domain,"[]"
Domain_115c1a21216234b0eccb6674a2d815afa43fcf981c27b7f2365f4e7312bff33b,115c1a2121.com,Domain,"[]"
Domain_c892d9e86768bba6ec240a7f0c40b7a48367067ec7a22534b40cce4a0b19757c,c892d9e867.com,Domain,"[]"
Domain_276cce4a12b20ccf13d7624e45434799515d8752096380c3f57ecd306c60058f,276cce4a12.com,Domain,"[]"
Domain_bf870a3a93ad60bedaac2c8c7762070c64a848ea5f1f4e30214c82c4672cc750,bf870a3a93.com,Domain,"[]"
Domain_d45be4659339e8954ba81e940d98ae1825845ba4e98ca3347d5dd0ba36d38a57,d45be46593.com,Domain,"[]"
Domain_47f9d762ac19a795a493237d546036310b820b04d39de7926df2149bbd9f0e3f,47f9d762ac.com,Domain,"[A]"
Domain_2d196c6351caa4bc5f09f4d91a379fc6d6f66a8aa45de0d367dee168fac3ff55,2d196c6351.com,Domain,"[]"
Domain_f8a198d4d8ebd8893eb251dfcf4cfed8dce49dc95eba66624b23ee8bd24d1192,f8a198d4d8.com,Domain,"[]"
Domain_f1fceb28e018c579ce220c816838c86b9a01ae12d50ebce3f565209ea348f5b2,f1fceb28e0.com,Domain,"[]"
Domain_c6576689ff4de430e82fd41fef771c978c21a5ec72d78a730c6dd9f5fc9fdf50,c6576689ff.com,Domain,"[C]"
Domain_cd5a65aec4ace5ceb317e2ccd8651fda3ac824f5aaf69279439358657d3b4b11,cd5a65aec4.com,Domain,"[]"
Domain_1b1f61e5444374e7a222cc807549543ad6578d024cea6ee0ab2685331ceb3841,1b1f61e544.com,Domain,"[]"
Domain_4626479dd4bb8be287f0ef3bd9322b25a41fc3c6534df0251b35482ea02313f2,4626479dd4.com,Domain,"[]"
IP_3416a954ed370c1827eed1de7310e7adaea0c8e036e6a95fceb96e539c17070e,110.34.xxx.xxx,IP,"[]"
Domain_ab48ff1f36abe0d94840dfae4dcfda8c118280772ad750f898195a69902799ec,ab48ff1f36.com,Domain,"[]"
Domain_3788dd2ddd47c816adffdfc36c0939cdfa92b5b05b0cb6fe16ee22c31f80a88e,3788dd2ddd.com,Domain,"[]"
Domain_352d7fd3868a5dabf4ba66461ef1fc37dfb156c33d84884f151eb415444d924a,352d7fd386.com,Domain,"[]"
IP_0e7a7b3b0ab72649cb17e18e0af559b6a6155939e93f4645ee177f719cd6e199,156.230.xxx.xxx,IP,"[]"
IP_750c28a62d9d02a150b4c494b1474343750b551872b60d3565f1261b7bf54ab3,110.34.xxx.xxx,IP,"[]"
IP_5bb044b6f7a994a54708f3d0df4437b9db4e95f6dc88ad01f2b7a43b4fc49404,154.92.xxx.xxx,IP,"[]"
Domain_6e1873555d16ada7ef264033f6205431b3621d0500e7916cc0e988087f8f51c1,6e1873555d.com,Domain,"[]"
Cert_c22fc138cc2be15458f09a60abc254ca7766ecb463782233ac843f293a497bce,c22fc138cc,Cert,"[]"
Domain_ad6aa719bf9b2c5b16331bd14ed051f27139484995908e419873ba96c5c40216,ad6aa719bf.com,Domain,"[]"
Domain_fcb84360d300dec93cae495b69adcf3a485efde87390c813804e0c9a7dd5203d,fcb84360d3.com,Domain,"[]"
Domain_3ac2f731224e5da69a8262e2bf44d8e0b3bb37cfc013a1d3bae27f624ee6f254,3ac2f73122.com,Domain,"[]"
Domain_76c4c3a906242a6ada1eb200ae20e0b58ad40441cdc2f9d8c2fcc1fd2ae7db17,76c4c3a906.com,Domain,"[]"
Domain_cde3d985b62d6df691b8e9b20d759e873dd874dc4d836f6b17057bd05ea6b880,cde3d985b6.com,Domain,"[]"
IP_69244123745a527f9af533bbaf61b043dc66a60868d2bfe6f21d2e590730e534,154.201.xxx.xxx,IP,"[]"
Domain_9fcbc97d01ad6d3ff6b14f39d57d75db74db1c92efd95b827ac69a9ef9f9f075,9fcbc97d01.com,Domain,"[B]"
Domain_01ac564bb8ede832fe3e6679913a120b5fdb5d202aa3fbe51091524f644f4b5c,01ac564bb8.com,Domain,"[]"
Domain_ddb6b471c1cf26190564b7d0c39ac0e43922c31afa64b7bbb54d2e6e6e887be4,ddb6b471c1.com,Domain,"[]"
Domain_656462b8a8322b8311ea189cff6797c7ecb631fa6d509d5862cdaf009c0249bb,656462b8a8.com,Domain,"[]"
Domain_68feccb8ecd35789222da0b8593c37e253897bd60b4c2da84b0dd16bc4d5c153,68feccb8ec.com,Domain,"[]"
Domain_cad310a6949b163a8169ebbe83231355b338cd045501932b8f4daa7a2a8299e5,cad310a694.com,Domain,"[]"
Domain_b91b822d8553171e6adfdb067a6964c7cc92637d9fb9ce8149e24e702a1e8e8f,b91b822d85.com,Domain,"[]"
Domain_0cc568e1208e5f99c79d66fbaa145954dd5182d579a9cf149660e3ef48cf4551,0cc568e120.com,Domain,"[]"
IP_428deda9382334b132d757b279392d885827a240177b64ff2e4c9cf3fa34605a,198.54.xxx.xxx,IP,"[]"
Domain_ca869fc3eb69ac3faa6e78daa5182df854892ff967ab980790e4b9ec20a5c896,ca869fc3eb.com,Domain,"[]"
Domain_a4e7062b729d45466b54a8fc34fef4c1bcc25bc446806011e124bf2118c1f21a,a4e7062b72.com,Domain,"[]"
Cert_6b0626062b0fa36fa42d967af6dea2e9e24f81faa88d26acb893349d74cbe742,6b0626062b,Cert,"[]"
IP_f9903f5feb64b0e3f848bd66d89c57958fb897b84441fae65dff51bc42f8c691,67.229.xxx.xxx,IP,"[]"
Cert_02a8d6ec63a9006cd293fa321fba3ae30eafb9cde98965e37f699015d0e1a71f,02a8d6ec63,Cert,"[]"
Domain_835b11aa3a7dcdeb11510d48702971bfe07d348fc9c10fc2a1cee5893642727c,835b11aa3a.com,Domain,"[]"
Cert_fa059147b4a2c7c709cbeaa92ca5f8685dc209d6bdd91a21969bbae845e37718,fa059147b4,Cert,"[]"
IP_eb766203e4306562ddadfde948a7a113cb1c5e9dc7127cd82ce14d6d443a1311,155.159.xxx.xxx,IP,"[]"
Domain_066d1b3dddf329511781e31022227da37a8634dd7b55a88cb1f842dde64639cc,066d1b3ddd.com,Domain,"[B]"
Domain_80b3a19b44d25f14d808617791a4c9c0ab61a0ebe0acfaef8b481027a86f7338,80b3a19b44.com,Domain,"[]"
Domain_cc204972f4721122351c9706083e1ad2975129c66c2da62a4a4f72e6f6008d70,cc204972f4.com,Domain,"[]"
Domain_a6c1e79eeca9135af9be2d86febaad7e53ddb996745c12ceecc51d14a069b507,a6c1e79eec.com,Domain,"[]"
Domain_55656e031ac19e1c4b2325a88fa4bb2d1fe0a76a4c4c7f618b206813188ce3a0,55656e031a.com,Domain,"[]"
Domain_64c52c663de6faae4f262798310049aab91bbb45a6a22d977887857e3e3616fc,64c52c663d.com,Domain,"[]"
Cert_45b037cdd420cd7766b9c3216fea8545fa1e50de0ed73a36d4bf94720f52c475,45b037cdd4,Cert,"[]"
Domain_db9756149f2daf8981278bfffab5eca641d0b929c24539c0f43ad7fdae268235,db9756149f.com,Domain,"[]"
Domain_f9e1e317873caf3a969ed841bb364e27d8d53ee4f24b7078a60741a163f502d5,f9e1e31787.com,Domain,"[]"
IP_9e081d18676b4a2ad77dda8c7f667f79dc9480625ca780425fcd93ef65ec431f,45.43.xxx.xxx,IP,"[]"
Domain_10af5cb83b2504d9037066769ead6b23142543ef1c52a15f43b031bbe524eaad,10af5cb83b.com,Domain,"[C]"
Domain_79dc5fcd67425a9e043fb447127581ae828ec45b1ff92ae6fba209a7c8686141,79dc5fcd67.com,Domain,"[]"
Domain_1b8085349a29184c19100638960db333de8a40ff0ee6d31d68d380eb3d3c60e8,1b8085349a.com,Domain,"[]"
IP_9c7c11709521f3689020180138f3cffcbf58ada1c6a6e60f835ac1eb2b635f7f,154.92.xxx.xxx,IP,"[]"
Domain_32375bbcc0d5e28c8753e38f75056c955f64693a4b0f899e71155c086bdb327e,32375bbcc0.com,Domain,"[]"
Domain_ebc6495337980eeeaf0fe555429fb54601e36044c240b9f0b71d7dbee94f5610,ebc6495337.com,Domain,"[]"
IP_d94915f97c6e9f41ef1a9be8a14b8414066d541ada6ca9d365010a1eb74bf041,67.229.xxx.xxx,IP,"[]"
Domain_baa4a9a735887ca05241b265729925ef24ef76c7e83f2316a8ebf5216dd891bc,baa4a9a735.com,Domain,"[B]"
Domain_91236b3d7c1902ee3dcb609733a38ac807fa8ec5b10270c02dd04e6619f81a8b,91236b3d7c.com,Domain,"[]"
IP_fa30bc1eb23393277919213f6fffe4562b282e765c53295ace919c0428b7a9e9,154.209.xxx.xxx,IP,"[]"
Domain_e60ad56d6012a900463e38e4a08a4c7803072bedc8d817075c2baced1467f36e,e60ad56d60.com,Domain,"[]"
Domain_f4a67dad3aa622fa4cb411dcd86610f8a0a1f862399091c2834f7b8efd5cc52d,f4a67dad3a.com,Domain,"[]"
Domain_5fd63c552db1b6cdfaa37d8c4fe54d356cd9f20692f69bef347a29f3446e5af1,5fd63c552d.com,Domain,"[]"
Domain_c83dcfc09f7e38bac996a5ede02b9dfcfdb5240bba9d944013f4a23f25796ddb,c83dcfc09f.com,Domain,"[]"
Domain_cae7a6f0b1663319263cbd02a23e9c72ba1f25dff4958257dea8e26fe34d1119,cae7a6f0b1.com,Domain,"[]"
IP_d98a3b3b24f30919fff8b68a54f75230fe3b1e9ff131af7e5bd9100e181cd788,67.229.xxx.xxx,IP,"[]"
Domain_34a066969113e28f392074e62eb5ec887481c110f1a0cc9216601584b8252dbd,34a0669691.com,Domain,"[B]"
Domain_e1dfd9216d07f58f57e0b296a95f934d4dc167dcfc82ef31fc5ae2bf0b30fed4,e1dfd9216d.com,Domain,"[]"
Domain_29b5a613b2c577db1d71b9f3145003565c0f9207ae2ce8237147dc1f0133c5c3,29b5a613b2.com,Domain,"[]"
Domain_a3bfca4e1b633a8e84381d6a39ab6f911430dcb0b7a614f3a366bc4f46d315e5,a3bfca4e1b.com,Domain,"[]"
Domain_4f1b131ebe3c5155f4f9ee0100d5ce91a65a65839b5a5a1b5bb3b37bef90fb75,4f1b131ebe.com,Domain,"[A]"
Domain_9c802efe7344a532994e7db5896014ca9a56e6f1ac9dc5df0a045f862f3432ab,9c802efe73.com,Domain,"[]"
IP_06ebfe7e196d9f77b3a4cdb230dfd1d327449e3e3c4a00822c9cf0e1bacebd56,45.43.xxx.xxx,IP,"[]"
Domain_69d643338a9d1afc69fddde4855f43587273f48b7be789175871d60185dc4c36,69d643338a.com,Domain,"[]"
Domain_dcdf068cf69c79a76e1d9ec590c52d86b48285e33f0d5edf5c8bbeadba494a63,dcdf068cf6.com,Domain,"[]"
Domain_501b4232c585acb25cce517da6ec3c103d2fb28faea5d069158ab2f0f604338c,501b4232c5.com,Domain,"[]"
IP_7fb54a51cbb27813a4edede63c291775a249e193786bbc8367f3102ee8843523,23.249.xxx.xxx,IP,"[]"
Domain_6ca84a5afcd42ccc20acc5b2bcfb8ba619dbe9925505e90c13d90cae8457755f,6ca84a5afc.com,Domain,"[A]"
Domain_661fe8d932f2198ce892e755d790350b275f76414f18782d9b2d15498856d53f,661fe8d932.com,Domain,"[]"
Domain_891ca04a762576f07d75536aad5cbfee69cfb347ae96671c3d7a8a9317d428bb,891ca04a76.com,Domain,"[]"
Domain_f9477ff40cdeb583ad49b2cbda05f460cf9235d15eac362654cd1eda3f00e22b,f9477ff40c.com,Domain,"[]"
Domain_04351214741fb37d12ca1cc7a8e9dbc19a83599ed64708584c08e17a16cebe14,0435121474.com,Domain,"[]"
Domain_e8110c6e890d947e2a711baa01115006e9b42aa1e23302cb4d4712ee65322a71,e8110c6e89.com,Domain,"[]"
IP_fead69ee3e2fe0311cd29f8be3dddda704611ad8f65d1b7f039b0091a105a1d3,110.34.xxx.xxx,IP,"[]"
Domain_0e01a27dd2af2c4c120a76387df873f168d349f446a89c8c31079d0c27c658f4,0e01a27dd2.com,Domain,"[]"
Domain_7d88475ebf418fd7fba4eda1346ea077fd04c0bc87ead5556e4f17ff20df0a62,7d88475ebf.com,Domain,"[]"
Domain_552236f5012f395a52b528a0df08988d7b0e6a83008aa2188f71a7614a4ba170,552236f501.com,Domain,"[]"
Domain_0b848db52e101fc4e50684fc76af12e747daae5f3a344fa0e3eefe0268f79a24,0b848db52e.com,Domain,"[]"
Domain_603ece75ac4d9b3537a4c95d0ead126783f9e44ef764f86e7884864f602a9ff0,603ece75ac.com,Domain,"[B]"
Domain_420dddc26d441c16a90c7513d0045917c91d37fc74820f5367b7513c80c64eae,420dddc26d.com,Domain,"[A]"
Domain_1fe8c42f7d989dc0aa0cef16c0661d2840d70ad541ad0decb3650d688b53b213,1fe8c42f7d.com,Domain,"[]"
Domain_df7e3f2ed504ccfd7bf4973e94a7cb132d436f727eeb4e5a10536a22c7b9057b,df7e3f2ed5.com,Domain,"[]"
Domain_f2c06097bee389647a0f4637c3f4affe8ad4ea27bc03787fb6a2f8ec237777d2,f2c06097be.com,Domain,"[]"
Domain_803a6b3405efc84d4dc0ab339141b1d85eec18f234c79f6494530cf3ddc4fe75,803a6b3405.com,Domain,"[]"
Domain_0cd03188a23a861ffce9afa6d56fbc2473a09b2492082acbe3c60ac29f7d354d,0cd03188a2.com,Domain,"[]"
Domain_c8d9b1165f8eb49faa256d7078dbfc39aa683ba0b7334775d5fc70f9c38ef8d7,c8d9b1165f.com,Domain,"[A]"
IP_6517782da6a30491321967cd73de7d1090ad7a85348ffcfb2d202b3233b1e712,23.249.xxx.xxx,IP,"[]"
Domain_4c0263089397b2e3f59400482dca8b4df4ea78e114352b893c7d22ed899228d4,4c02630893.com,Domain,"[]"
Domain_7b4234021ca284757338b1df227839b35c96220ffcedb916ed66e5afa7ce5e5d,7b4234021c.com,Domain,"[]"
Domain_865a054fe7a17cd80086ec87f9241455adb20d47a327627ca2fe45af58dfe839,865a054fe7.com,Domain,"[]"
Domain_3cf3b53d8ef9bd2851cdb312cd1a59c97ec13eb086e8e5a47bc3f2bfb3b26ce3,3cf3b53d8e.com,Domain,"[]"
IP_e64ad6db192babb0abac541482a16a421c405ca28ab9e419a20c95550a420c7e,154.84.xxx.xxx,IP,"[]"
Domain_f0e1fded0eefaf3a8fc046e7c3a96dffeef7e106f9c604ef63945d3d42a819bf,f0e1fded0e.com,Domain,"[]"
IP_78db3c2e319a5947d64791d0b8edd0d344ce0d17838ab07d3f61703e3788493f,96.62.xxx.xxx,IP,"[]"
Domain_0b71f764477e93d70c044cf504549ff96235877f9ff2c7ae8de1e7965660c048,0b71f76447.com,Domain,"[]"
Domain_266b476ee1161315aeb6152e02a6b8629c97f976420dc2e24762a2b264398ce4,266b476ee1.com,Domain,"[]"
Domain_64ca4d3b527dff87a31aace99b67fda315136aa87cd95d710e7c8c26ccd054c4,64ca4d3b52.com,Domain,"[B]"
Domain_0b85e9f0451a6d0f78ee4131dc9d06c90a475a823c7872ef21301d79037473ef,0b85e9f045.com,Domain,"[]"
Whois_Email_6357d5337278a1733105f72eb0c5ec5842f92da6cd88e03d45d8b77e50fa847e,jandoxxxxx@xxx.xxx,Whois_Email,"[]"
Cert_290506335d5744c31c322bd6edb5602a636a96f8548faa63f02bdbcaacaedaf9,290506335d,Cert,"[]"
Domain_75a0cbe368d9fb99888b4f420e690b31aee3b5d81005833afb95d0678d3cabfd,75a0cbe368.com,Domain,"[]"
Cert_3ca70ac92c5c58982f80c9de1e73d9ea3f12a120aa34d30e7f3bb627f40f2bae,3ca70ac92c,Cert,"[]"
Domain_9947be5093e24f78d58acf0cd9593f3961a0fe1bc3fa50b0c16c6d4764d9912d,9947be5093.com,Domain,"[C]"
Domain_2772e66d228fe76d0c9785e458cb99fe1b2b3733ef84e2c7f5bf08af7bdce41d,2772e66d22.com,Domain,"[A]"
Domain_5896a4dec391272d59befeab8443c2c3082a6662d3a1bd7df2a988bb0361d110,5896a4dec3.com,Domain,"[]"
Domain_912831e886e1379c10d12ecb5ce353fdca4338fbb68a7b481ebad45c6a80340d,912831e886.com,Domain,"[A]"
Domain_807aa7040741111a3946ac00b9a2c9173d74e8e5eb01e5314cd75ad08a0de649,807aa70407.com,Domain,"[]"
Domain_c742a4c9c02910ca360862dbf4afdab26e0c51b630efc98d625baf32620abad6,c742a4c9c0.com,Domain,"[]"
IP_d49749fd1489cfa9cfc03fe0c70e80b7f5e31f49078ae872e1be632b1ce8202f,103.4.xxx.xxx,IP,"[]"
IP_33634223e824ab1e26185695ec87744a641406aa809ac32d7cf0a37a8496a844,122.114.xxx.xxx,IP,"[]"
IP_7a0c3729c4002d4bc41b15630e448a569dd18ab9e824e18ec0bbf219cd66d16b,172.67.xxx.xxx,IP,"[]"
Domain_a2db53ef0a5a4cd75e8e336901dc49f6a4687e4539ca4b680d82e42af5bc0cf6,a2db53ef0a.com,Domain,"[]"
Domain_17c35962097e0c8d0103bf534d06006be25fabfcf286456ab3b9b717109f5aeb,17c3596209.com,Domain,"[B]"
IP_0c87b18cf8ca8eaefdaa174ccff686c9341501a05e3b628c039ea8e4a2eb8a14,103.82.xxx.xxx,IP,"[]"
Domain_0b94025d73e0fc928e5e2a1d82d65e81afde4f40357243f1da4a9a7657840b80,0b94025d73.com,Domain,"[]"
Domain_637fc25a67ee495f099412867bb9dfe15252eac6c4fda62fe0d6bb5e89f24fd7,637fc25a67.com,Domain,"[]"
IP_c0c6225c5dea9dafd83b24977dec6628789ae3d833198dbde97e7a007a847fb4,185.175.xxx.xxx,IP,"[]"
Domain_d4901ad5d37a09b45dfa8128568be274156286bd258cd7eb58a04daaa8beaf63,d4901ad5d3.com,Domain,"[]"
Domain_5fca305fbd7442f5d497705260e46d671314f1e03a0a5325a99212914dc9052e,5fca305fbd.com,Domain,"[]"
Domain_3e6d2cc5f6a661385a0d18af7d5e228fc29edb98f1260b4bd781f454a364b148,3e6d2cc5f6.com,Domain,"[]"
Domain_f10bd08c217dbc0fd4d6362b6e6b88f27e2066080facd9ade76a34eaee0a8391,f10bd08c21.com,Domain,"[]"
Domain_bb8eef3be82f85e3cbc5a311d36756baa1f76e5ebf9667765f50b1bd74f4a8f9,bb8eef3be8.com,Domain,"[]"
Domain_0d9f06a82e90193f68e72e53acd55e23c74afb0e3589608627e423c64d19f6db,0d9f06a82e.com,Domain,"[B]"
Domain_3394a30b886aa66b2b46d43e12831b55f9fb102115402919626229c10e0f0e32,3394a30b88.com,Domain,"[]"
Domain_bf63c699ffef298ba3eff46b612086381ec4e24020b3f0b8a0227d00fb5c99c1,bf63c699ff.com,Domain,"[]"
IP_2d988dd9a38909543a594259d0826f689462cbf0c9d7ebf5e135b219ae9b353e,67.229.xxx.xxx,IP,"[]"
Domain_e5870652a514d59fe72149d21bc2a9d5e7446c5b8d4aa4419b8292b6adcbb1e5,e5870652a5.com,Domain,"[]"
Cert_94c9f7ba98a9913a3a7bc88de34d44d9f4872fcddb0e8e9bbbd04239b251ffd1,94c9f7ba98,Cert,"[]"
IP_ef79ebfe97e755a0e03803b7d662b3c837b1b23123fd54fd19dd805cfea9c599,185.240.xxx.xxx,IP,"[]"
Domain_1f3db3de9271c22186655ed54e83203276c1379baae5fa74f5c247eeb4b05ada,1f3db3de92.com,Domain,"[]"
IP_c42987fcf4766b2a4b5b55d8b10ae96c469e45fda6d798ec0422c64862f9fbac,156.238.xxx.xxx,IP,"[]"
Domain_9a29122f1eefd5d8dd1b20f14ca9b796608e7567fd769c94ab2e39143347e081,9a29122f1e.com,Domain,"[E]"
Domain_ea623f904a7d2dfd5b97f201182cecf3936d679baaea086810b0f40eb0aad592,ea623f904a.com,Domain,"[]"
Domain_d834404bd10059da4a8d9dc76e6a7b72fb069d3555c09fd1de15839f23fff543,d834404bd1.com,Domain,"[]"
Domain_342c37251625a38d2236c6b2ab86cf5b84e25971dfe41fbfdfb95a74e76b9a7f,342c372516.com,Domain,"[]"
IP_b9760a02c06497a7b4dda259a38bd44e8646558e042e058e9304422f63118b64,96.62.xxx.xxx,IP,"[]"
Domain_11b54b75f59b856d6204eead85e4314806a3ffcd1dc42a9b63cb937b5ce5310e,11b54b75f5.com,Domain,"[]"
Domain_ab57dfc137ab454b718be25a2f6c4a0beee5ab0c646ac6a20276710f8030a0d9,ab57dfc137.com,Domain,"[B]"
Domain_4d3dbfa5f6fc33844f8fb43904f8947f7ca2b38b4080537cc446427138eba275,4d3dbfa5f6.com,Domain,"[]"
Domain_1094728974901dc04c06424a4d657e89264a0567972d28201782fffb040617f2,1094728974.com,Domain,"[]"
Domain_1fa77daab498b0dedbc88db7c14647b9c964081f0905ed1cb38d5c9aa8118493,1fa77daab4.com,Domain,"[]"
Domain_47e67834ea1001dc84eef6915d687f36c43cd5290d61ee1eb306def932ee1f60,47e67834ea.com,Domain,"[]"
Domain_db008c28814c0b506d4c06b89ebb3a345f33826d3342be23a152ebba905fbefd,db008c2881.com,Domain,"[]"
Cert_b4521806c8f9d7196f313cc38cccc3ec9c4404af77e398c600feb9f8c75ecd60,b4521806c8,Cert,"[]"
Domain_2e0d756453fbc6a60a35b7eda539cfd4ebad02efd928c8f4fe47eaf6e36e7cde,2e0d756453.com,Domain,"[]"
Domain_c430e8e184be7abced06b9cdb1a5741e9a347a812d4305cfd6faab61c5996fec,c430e8e184.com,Domain,"[]"
IP_f9514fe2e44a24050fad44be905cfdde7bc1da99506cef524e721c2235cc90f4,23.108.xxx.xxx,IP,"[]"
Domain_67ccde57fe8985cd953e1349f8bc3e08448de5784819708a4ce8b807e7eb403e,67ccde57fe.com,Domain,"[]"
IP_2e9526af335a28e9c68f00a3c1e71306bf8f2bfcbac395124889d204dd3d4442,154.91.xxx.xxx,IP,"[]"
Cert_bb980e88002fb0f716b7c302509bb1a3d1cd0757c55c44428dcdbd62e9e6abbe,bb980e8800,Cert,"[]"
Domain_3b86ca85bc2720dd60afc667b21b1471b2553b2e20fe4d3333174fb9a8915d57,3b86ca85bc.com,Domain,"[]"
Domain_2c043de94d9342a8ec8e31f1d38f38305034f8aeb7ff2fd91679903ec1b77dd0,2c043de94d.com,Domain,"[]"
Domain_4796267882015dff51d692957b9f06bdce07f81284f1e9707f9d3a4aa746e65c,4796267882.com,Domain,"[]"
IP_078280263c6a501dfc498d5f688201360485f6e8ad69cc052435b6149f43ffb4,67.229.xxx.xxx,IP,"[]"
Domain_c9cb7438b0f18d41ee8df4acb4862d58b8e0738715d440bad5c17d79421b90fe,c9cb7438b0.com,Domain,"[A]"
Domain_05678a875bb45999320eafcf2e8036cd41693b98c9d8f1701bb4f0e1c7dc9ce0,05678a875b.com,Domain,"[]"
Domain_c46860f3706b1d91c9e6187f7252cacef7241476eba0635f0ab7c8b4e18c9d3e,c46860f370.com,Domain,"[]"
Domain_7d993ae3c3959b8bb6cebaad5a9a0ccef9f16c14fad9b654372a27508cdc41a3,7d993ae3c3.com,Domain,"[B]"
IP_084a239507560d097b02eb98cfa48f489fb749576a3f7f2722b49fbf99e24524,142.91.xxx.xxx,IP,"[]"
Domain_0309f1abfd871888adb8551c23225dd5aa1c8016e1154c6901825c0c3332d71d,0309f1abfd.com,Domain,"[]"
IP_094787cb565c9f94b7bf1347c0023611d2882766811607fbacd1f41d3ce41648,23.249.xxx.xxx,IP,"[]"
Domain_2bc376a70cb5c0b69349442a3e8c83708cfd074dfd6bf47916d102ae22733a6d,2bc376a70c.com,Domain,"[]"
IP_949b0a2ee3ec4b1e06ea1d9ba5c1a6fb8442a3846b088f899fc7698beacdd10a,103.37.xxx.xxx,IP,"[]"
Domain_c322f142598e7a44c4125af5836b5843f643a6110c942af0cf877d403d53990f,c322f14259.com,Domain,"[A]"
Domain_d8cc0aaa3bac86509befd2e78faa0941f92b9584f442d6d0d87d2b09f8df0c07,d8cc0aaa3b.com,Domain,"[]"
IP_6d01956012402320944b67e6233d2c779eda859ef7e3cfbfdc27bee315de851a,107.151.xxx.xxx,IP,"[]"
Domain_900ef9098e8f1ab8e6dafa12efce57b517065f443d901d31b602012630eb49e1,900ef9098e.com,Domain,"[]"
IP_1cee34b24b24db2f2c30bd466c50de5d74b37ab346267d47951f1ed4dadd8e09,50.117.xxx.xxx,IP,"[]"
Domain_8d836ff10e3ebe812181d49b8ad069b17d2b0baeef722645b42bc650b2772259,8d836ff10e.com,Domain,"[]"
Domain_2effbe174e741e17f50e1d4bd08dc51686322b2e1be355ee7eee7e78aebcf018,2effbe174e.com,Domain,"[]"
Domain_f2183bf47a6ea211cf848eb421f24c71f2038017b1cbe9eaa02892ceed2ce495,f2183bf47a.com,Domain,"[]"
Domain_85d5637f79aa7ecc16556bad39120584ff47e1cc74191b29b9d665713ae83582,85d5637f79.com,Domain,"[]"
Domain_7255a157f63cccef16a38fdbbc5548983a95d845d1eb78f9b503af62107ea20c,7255a157f6.com,Domain,"[B]"
Domain_0942a92f9cb0e6cbfb495f3edf26ff811e3434939e3831883b59bc2b8edd342e,0942a92f9c.com,Domain,"[]"
Domain_0043a260302b34badaa45feec4f125227892b1fc63690276558986d39583892e,0043a26030.com,Domain,"[]"
Domain_39e58f6aee1bcb2da0f76119d6e6a331118cac404e9ca2729229b5af53ae5346,39e58f6aee.com,Domain,"[]"
Domain_8dbaf68db4e23057b8abc7af69d9898b406f877b3efbc6850b42036b28449d48,8dbaf68db4.com,Domain,"[]"
IP_024985125e363ffaa2c894bbf397892fa38bde74f836418e340d35fc4696e50a,154.92.xxx.xxx,IP,"[]"
Domain_97baab19352cd4530ea8c2193102f49b948e6581a60a473644d5ffb3c551e1ae,97baab1935.com,Domain,"[]"
Domain_0d830902669cebd6c22bd7c241661d758794cb25b26b8e2507e05bc9c2ec0171,0d83090266.com,Domain,"[]"
Domain_97322c27cc0a90bfee394ad808f3d90d2ddd908e2af9e9d83030c6b874fcfa19,97322c27cc.com,Domain,"[]"
Domain_c3deed0f38b464d9c903f8350b3f41bdc75f09cfba1c3addc3d4815d71c104bd,c3deed0f38.com,Domain,"[]"
IP_8952a62e89a6d4d859fb095e3ceec2779a4a0c1f3489c8055ac1b252aee322fd,67.229.xxx.xxx,IP,"[]"
Domain_a80ba2ca1586a13b0a844c8a0b999550fef829bd17416c3f0c4d5f9f4297802b,a80ba2ca15.com,Domain,"[]"
Domain_193d0e9fe2ecec1d5ee9ff72d31576139735ba6d856d40d6321d687f6a5164fe,193d0e9fe2.com,Domain,"[]"
Domain_13d95bd07daea3dd3c32225a7e025f0272fcbda3e0cfbbd544643062aa3cad48,13d95bd07d.com,Domain,"[]"
Domain_65a3e5139d6fd8cd58b55333282935c39d73f711a01990b9f8369414f26124bf,65a3e5139d.com,Domain,"[]"
Domain_e8fd049d8acacdbe145bb173a23cfabcc8f832bf34164079d77b1b0b243db277,e8fd049d8a.com,Domain,"[]"
Domain_3e78856d039d713728ee76a6b847a4b77d8bd6d6dffe3f0ac3a0ad18a80e1a7d,3e78856d03.com,Domain,"[B]"
Whois_Phone_511fc37988d7738889846c4ef68b718030ea5013774c87c002580fb9738a022b,+1.480xxxxx,Whois_Phone,"[]"
Domain_37b02550e7b0da5bf0a6ad8d78f6a489daf4e2616c8ea9d0b506411669216ffe,37b02550e7.com,Domain,"[]"
Domain_7fdf5022efb9b8532f14a7086176baaafe9157702e8fa7638221671a602a8da5,7fdf5022ef.com,Domain,"[]"
Domain_0fe9132d7515881c8d84e986332093862a5fd0a9878f186b83547c5b407de5b4,0fe9132d75.com,Domain,"[]"
Domain_4e122ffaabb7ebe87956122f9566cc63687603b4c583cfd752faacbe2788cea5,4e122ffaab.com,Domain,"[]"
IP_0cf62aba451e60201335740f2041516375f43931c4712e5ca1b86a852c268ec5,23.19.xxx.xxx,IP,"[]"
Domain_0070a4eef1bda57ca2c71cac1a75c7521bec3ca8c829869a73d07b71800cd8b7,0070a4eef1.com,Domain,"[]"
Domain_8b6b8f8ab5cff056f416fd717d9c1360700cf9951e372a5bdb2374ad92ab7c7d,8b6b8f8ab5.com,Domain,"[]"
Domain_4d5fc3d8811bf9b7d7cab888368c0eabe940731ccfbc94eb155697d58f79a18c,4d5fc3d881.com,Domain,"[]"
Domain_c23d542015ce440ec53b2f7450f286abaf21a1062df1bf5c1e8c4cc117f07eff,c23d542015.com,Domain,"[]"
Domain_62ba92733f1a2986cd50ec9541e9f55a99001acc312cd9a9cd5df280f8271ef0,62ba92733f.com,Domain,"[]"
Domain_48a60fd3a9ab2ab3278fd4b97591d41a5a5ece6c68469cdaf42d0ed57e7bf22c,48a60fd3a9.com,Domain,"[]"
Domain_39934e11d7b33487495370339491d2bb831416f9ff70deaac217bd0b79febdf7,39934e11d7.com,Domain,"[B]"
Domain_7b461c558182ddab0767a086015c010e89ae99e64a3e6ab6e8faddb2c51a08c9,7b461c5581.com,Domain,"[]"
Domain_b1ae424e3cb521eeb9a193e9dd281f9a7e19c4e25599f6758d1842cb50d8a2e0,b1ae424e3c.com,Domain,"[]"
IP_223977e952b3e0b2379da3c6e38a2c6bd70fdbb68bdd3280cf6b0f1e33752565,107.149.xxx.xxx,IP,"[]"
Domain_8b44e9aa6be357e6287cb2f2df8d12a2afcdd7435a210eaedc5da515c16b4e1d,8b44e9aa6b.com,Domain,"[]"
IP_c9bde08fdb3bd98f4aa6bf685156eba39f7293beeceeae708882990b9e353eb4,154.210.xxx.xxx,IP,"[]"
Domain_0e8cd1ad85b16290e5c76233b812a6cdc05f6e56ed73a99e1b6da1fc59ddbad1,0e8cd1ad85.com,Domain,"[]"
Domain_628656222fbf470939dd3435dbdf8ec0cdd3dc5e214c3bdde96b9d276d0bf91b,628656222f.com,Domain,"[]"
IP_e2224143b01b5668548e818e8fff38d448a004a11a2ff3892621f2e8fe904969,45.43.xxx.xxx,IP,"[]"
IP_b531d0ba9cf48b250daaade290dea9eca11c947a728a3ff1f950e88429c1ae7b,45.43.xxx.xxx,IP,"[]"
Domain_6ccc11be252fbac8409017b0aa54c16d232f619cb694a62d0d1dd8cb258d7de1,6ccc11be25.com,Domain,"[]"
Domain_6394611a2fe7e77781d53e5c9f83949c00c3831e0d4089ec764027ae66097080,6394611a2f.com,Domain,"[]"
Domain_23950e2a3a3ea02ccc6f48cb1785ae5dccd3e15d2e85977439ae7bc0afffe3d2,23950e2a3a.com,Domain,"[]"
Domain_a850c5dff33fda4ee7ad085d41cfd61dab3c34aaf91b2b808b7ab0909def2255,a850c5dff3.com,Domain,"[]"
Domain_a1ccea03f77bc45cab667acc3683b60d8e66098a86b21e57dd92d0f46943d4d8,a1ccea03f7.com,Domain,"[]"
IP_055d451b68793bbec317dd95bb2f06a5154753724784505fab3369d5769d6924,172.67.xxx.xxx,IP,"[]"
IP_cc854562e14a51e31d7ec1839b05be6f636db763a73ec5622afabc172f41ec7b,23.249.xxx.xxx,IP,"[]"
Domain_ef77f8b70b690cf13f0f39f810ac8ad8b978ad7885c27af73183b368513dbac9,ef77f8b70b.com,Domain,"[B]"
IP_6f275d93c5d0a54b44cec65e8c8e5126ed75573fbf2db9b6784acabb9413a914,23.107.xxx.xxx,IP,"[]"
Domain_5065f6f06f54046c423930dbc82af1f71e140cd347015f3ef977f4159f8c2b7b,5065f6f06f.com,Domain,"[A]"
Domain_ccf9412f2ab352e34c5ddef981fd42c88894091d4e50e69508124deecdf9d41d,ccf9412f2a.com,Domain,"[]"
Domain_cd006ec633d49fafba39d007f00b8160b7c12a81073b42d537d990cf7d31bafc,cd006ec633.com,Domain,"[B]"
Domain_58cb5d05b79b5f25f9d5d9c56bc51e1eb18ff0cf8a880cfbd58fa2b673c53f63,58cb5d05b7.com,Domain,"[]"
Domain_baeee4cd9051f2ab2e67d2b0ea8ebc2f64b32d0648166811e90fdb4f1876d8a3,baeee4cd90.com,Domain,"[]"
IP_82b4e25df84f6263d23720ce77585ba36969dcfe034c225df2b11234e8a2287e,154.213.xxx.xxx,IP,"[]"
Domain_bbbbf7d1fe05a96bb094d4d11fac532b3941e3e9d0fd2ee8eacfab2b47862e5c,bbbbf7d1fe.com,Domain,"[]"
Domain_419c2c85c59789c1f83cdfd835d13791f480f8c72be090b11d45a8b97c7719ea,419c2c85c5.com,Domain,"[]"
Domain_7fef6408c3edd5c086d69b0326ac69f593636fa3f5af8469daa939ea0c1917ec,7fef6408c3.com,Domain,"[B]"
IP_1132dc8e8f1f395cdc64107ecd7edaf2e916cc596ece972d8a5280010ee84746,14.1.xxx.xxx,IP,"[]"
Domain_a0800b914e89f42978bc32a374270692eb67f7a7460c9219af2936f902aeea55,a0800b914e.com,Domain,"[]"
Domain_1d0371e43bd21887b89203cecb79c65df8b091ea9a3757bf75d4e3750cf900db,1d0371e43b.com,Domain,"[]"
Domain_0def0a5c4271ffaae7aa21d9eeb920e1f0a7bd138ca13d06d37cf0f4bec69a38,0def0a5c42.com,Domain,"[]"
IP_07de2428a8fab229d00a5297da7cb38f492ad09b575f0adcd4d14465ad81fc9e,156.226.xxx.xxx,IP,"[]"
Domain_bb7ea4512df1d154cab4d117975e92644def4faf194652825961e78c87429f74,bb7ea4512d.com,Domain,"[]"
Domain_5cace8575691494cf414a828b9f18022f8fd6bf047d38c65af473572aa007507,5cace85756.com,Domain,"[]"
Domain_4a57d2deef30a99dd63f13aaab6e0231d809db24bc480eb739b1407589bb3913,4a57d2deef.com,Domain,"[]"
IP_830345d12a870ccd2dbd3687f497b1d6e8357f27d4d2ab666d3973437fdb20d5,198.56.xxx.xxx,IP,"[]"
IP_d3c795af235173a9716a91b4655c3c7cb91207261bd9608671dcbd40440b34b0,156.226.xxx.xxx,IP,"[]"
Cert_875ff2b9509fd0587e319b823e3066c5743607f5883610c052c84f82c677fab3,875ff2b950,Cert,"[]"
Domain_c478d6ceaa171e669c9b31736de6c5373146351dcbdbac252ee84fdcf492e0ab,c478d6ceaa.com,Domain,"[]"
Domain_3e04eb6b510286555cb65f05b8874e4a7bab34fb491c2e35011507e5ec0177ab,3e04eb6b51.com,Domain,"[]"
Domain_7848ef52ea03deb8b9f545d8943d45fe7d9b7bba0a32e9cb11f1dfb01c1bb3c1,7848ef52ea.com,Domain,"[]"
Domain_f6460886455797b12543e16ca1e465759a01d668a5141c59aa3f44d0a5d65007,f646088645.com,Domain,"[]"
Domain_0a20e6a88a30aa531d7187e55de408a4997a22286797c23eaf1210fa282426a2,0a20e6a88a.com,Domain,"[]"
Domain_cece927c784d3518c8cca336bdb3ac5385762300305faebbbc904835368ac71d,cece927c78.com,Domain,"[A]"
Domain_fd37a657014b2c45570386500ca45340b6da61096107422f9a2975d8776312a1,fd37a65701.com,Domain,"[B]"
Cert_87acee99d3f17c1f5e9114c01d476a00229ebe484827b0526d0666306f73bba4,87acee99d3,Cert,"[]"
Domain_4b60a20d16e67158c6e32cfdc0bce29fbf818a93dd4eb5d273f97c4c274e0386,4b60a20d16.com,Domain,"[]"
Domain_859fb03d8b39259571fc1e3a2d556e5d9f8bc5163913d10cfb22c27d9a9e4a5e,859fb03d8b.com,Domain,"[]"
Domain_92372d386f244a15cc23a87246e166002e2e6230098381e09dcf8a2c930093ff,92372d386f.com,Domain,"[B]"
Domain_1f538eaede7e6bde632b8d8de30af28503157349d53076a8b0d68c455757cd09,1f538eaede.com,Domain,"[]"
IP_ccfa1f4d18e22cb760ab368c1698972d90b2a77db58437d3ddc5b9f5eb687fb7,156.237.xxx.xxx,IP,"[]"
IP_ba59352ed3ffbdc5b8dc532c978eaa6a66e8f839eed61dd71c39c8065c04fd8d,142.91.xxx.xxx,IP,"[]"
Domain_7c9211be3d00b29eab4ef7e13dbd08c253e7a5260a0ca5362e2c23ef2d5f40b1,7c9211be3d.com,Domain,"[]"
Domain_a58cb3ec41ad4f834499b6d90e9e6da93aa68f25767ec9ec71882f496e1d6820,a58cb3ec41.com,Domain,"[]"
Domain_036e3f4a572b50284dbd55c1a4245f71558232324a32def054b38530588e1367,036e3f4a57.com,Domain,"[B]"
Domain_0652de231d76a09f8f14e098cacd38adf1318d8cf081b8ae0a4b0cb63a391535,0652de231d.com,Domain,"[]"
IP_CIDR_5d992ceab984801cc22468e70de7f60d9d7e6c9fa759f563a689e7344be77ef2,172.67.xxx.0/24,IP_C,"[]"
Domain_9f81b3fc34deea07e654d9e715f824ab64c473c803df01894ac925755caa4d31,9f81b3fc34.com,Domain,"[]"
Domain_194d659289de5d363ba20fb9ebc882c6ad04c5784d8709847b7a603deb555ca1,194d659289.com,Domain,"[]"
Domain_3ee9b7a640869980c4e0b7b9426711fdb0076bafa28fade8652f7e3a45d815b7,3ee9b7a640.com,Domain,"[B]"
IP_40bbd9c24d3c5a4e25e9d30bfa956225769756397615f49bf531b63c425491de,107.187.xxx.xxx,IP,"[]"
IP_be504599b8cf0c8e930d415e46380abca497434ba0173f802adcf1825290ff4a,156.224.xxx.xxx,IP,"[]"
Domain_081c69b803d26c65bc5f5442bcda4fea541391dbd1bd50ec31c8c88da3c7143d,081c69b803.com,Domain,"[]"
IP_e64a10c072a96146c88ea4de8c73648d08904f4329b91f30bc122f5136615a6e,142.234.xxx.xxx,IP,"[]"
Domain_6b4c8065163dd4382414a888bc3fc9c024ef06165c05ec4e86b51271f84fcf50,6b4c806516.com,Domain,"[]"
Whois_Email_cabe282932729357f7a482571ea938fea44cebd7c782d62051ba651b4e3367b3,5b844xxxxx@xxx.xxx,Whois_Email,"[]"
Domain_3c5d1ea827f9f9ab6b55ca9646302e96bb2b64adc7d722e1e915d5a552ac7dc2,3c5d1ea827.com,Domain,"[]"
IP_cd803ff604bceb1657149de4325005dced4c0679fd91c715db7e8cb598175611,103.61.xxx.xxx,IP,"[]"
Domain_05984d32860f5c83d4f20dd36810ca105f9a5ba581c9edecca150752a5f5f01f,05984d3286.com,Domain,"[]"
IP_d390cef82d99c8ddf95f279167043b4500bf130aed25cb2a7df10b6d3d96df5c,175.29.xxx.xxx,IP,"[]"
Domain_eccbd89caaf1db8cce12d46cd24cde127b32f34ef4e4ac1975964d812956b96d,eccbd89caa.com,Domain,"[]"
Domain_c2c5c0c2a567517f276ede00a5ad102d2024d51469160406dc5b1e74bf2637bb,c2c5c0c2a5.com,Domain,"[B]"
IP_c675e9f848b2c87dabc843d1301bff9f00fa267cb9800a7cbbb6aa9936ee4e8c,156.234.xxx.xxx,IP,"[]"
Domain_0f990392c2bf6e0f965e8d0021f14997bcf19ab065e0c2c37a363612a8420f42,0f990392c2.com,Domain,"[]"
Domain_62d0c89331ecd9b752a36ef5d18e0715829a5cdc673590013b07cc6aa193284d,62d0c89331.com,Domain,"[]"
Cert_7070e2b9f0bb0b1f4c9e0f11847bc522b63840acb2e8e0068232ac064fb10614,7070e2b9f0,Cert,"[]"
Domain_097fd5f8963a98badb59656b4ccd4426af9ec31b9d5bc258ae5f85ef81029beb,097fd5f896.com,Domain,"[]"
IP_6b6bac415a76b7656dfb737c7b646059f4096026181b963ec7d6d6c5b8d2ae3c,175.29.xxx.xxx,IP,"[]"
IP_b1fab3af4477de69dca82d91992aeb229b1b72db6fd221907a49aa8f7c32f224,23.82.xxx.xxx,IP,"[]"
Domain_851ce5f8ff667a8d16ca72f6cc647c1428649fa0a7a377b55144112f65ffe0e4,851ce5f8ff.com,Domain,"[]"
Domain_d92413b7b484e6add12fc7091421800b2e533c56b069a8d94bbfcc803f8fff6b,d92413b7b4.com,Domain,"[]"
Domain_2bbabc9d73dd707d4590d84c1222b3aa50121b5c355534a4279fbb8c3e4aae20,2bbabc9d73.com,Domain,"[]"
Domain_c038a1a80ac0ea4dce18d8b51c26d0fbcbb2bf89feb406d6e6a7f31c382543b9,c038a1a80a.com,Domain,"[]"
IP_f99e20ed08836689a1c8d29d2ba37ba241d39d37ede9196ce48d7fe4b0db5f6b,156.238.xxx.xxx,IP,"[]"
Domain_2b731e0810003f634cc9607d0d07160db46a1588bccac5bb48d96c3cdf25a2f6,2b731e0810.com,Domain,"[]"
Domain_8ce1ca56745c0f2c5d97c68e4d1950cf45f5fed7da8c498039a5227f9dc98f47,8ce1ca5674.com,Domain,"[]"
Domain_a3c32f5899b08fdddd8af55158b051b5a50229d163b9a7e05326cf3e2afb0540,a3c32f5899.com,Domain,"[]"
IP_afdde0699c41b1553b6ba7be183dd2bda6fec33f6ce847199d10e9cd747cfc5a,154.84.xxx.xxx,IP,"[]"
Domain_aaab9a95c9e40e7de316f639a02184fef7f9eedd78bc4d6e297a1ed647ee5fec,aaab9a95c9.com,Domain,"[]"
IP_7467ff81d062beddbaba28c441df596beb10ec0282448824a2f934c64e263a84,156.245.xxx.xxx,IP,"[]"
IP_29e5d6f0b689713137d9120303a0c740306fc691358740280bf89984f1e05fd4,23.249.xxx.xxx,IP,"[]"
Domain_eb523cd10e2d8a7310e9c7360255a7a228aceb769451be2aa5232dc8a42f5935,eb523cd10e.com,Domain,"[]"
Domain_362c28f3d967511567c196edee56c3e32a456b080f1a61f5928e0de9897bf5c9,362c28f3d9.com,Domain,"[]"
Domain_915c654711b31a7b1a3012a0c24b066428546c785cadc7312764ef6cf1cf0f27,915c654711.com,Domain,"[]"
Domain_e2c0321cad22d9886bc3042c27b65fe018efcd0390cb290faa69f6b157ed5e6d,e2c0321cad.com,Domain,"[]"
Domain_815e46a7a09214fc7844196da62b45847105f09885fc35fe03f907c3dcfa34a8,815e46a7a0.com,Domain,"[]"
Domain_1e4a914da93b40017e3e0a6a03368ab6619fca1a0d8471a9cafc8d652451eb6f,1e4a914da9.com,Domain,"[]"
Domain_96cb7021fe97049488db6f6a98dbeac2b208d5ab8fec07cb2d81c722c6a5ade9,96cb7021fe.com,Domain,"[]"
Domain_5db8b6403182b4fbc179d92d69379852e640f504a7621db0e5abe7fc81190d18,5db8b64031.com,Domain,"[]"
Domain_b744c20970bf5cf6fb9dc3b6d3eddc8a26e7644a7d71b3b0cbea7d132e5d1940,b744c20970.com,Domain,"[]"
Domain_202b3616921970bf9968014696cb183348ef1d83531164ab8d47a52080ac05e7,202b361692.com,Domain,"[A]"
IP_1a2f0f3c3a4906a085ac7955a26f82c354a0bf0bb41614cd5e1315a18b81a8f6,172.67.xxx.xxx,IP,"[]"
Domain_5ad19a70039929b8b249fe77b3d688959d8053c0a98173fa794191a7e79b44c0,5ad19a7003.com,Domain,"[B]"
Domain_2ec36d90d258670e5f88d28fe2d06bb7db4f1f504017ada01b4665e98de6e34b,2ec36d90d2.com,Domain,"[B]"
Domain_778a07f15db556d054313ebd5d446af411369bf366550f6b287cbafa0467d0b2,778a07f15d.com,Domain,"[B]"
IP_5e015a8fb9f9d83fee92df1d11af039f270a19cf545d9722d31f7cd067f926c0,103.4.xxx.xxx,IP,"[]"
Domain_df7e57993c9b7fa52d2be7deb8bf6bb10eddd44f15debdf875547427a6be1387,df7e57993c.com,Domain,"[]"
Domain_ac17a01491b969f986084982e2d24ff58aacd7dc82ef3f76ee1b8837c2648f49,ac17a01491.com,Domain,"[]"
IP_2c14545f966cbf2f05eab8db2358b68e695608083003e780c8d010af6a83db7d,59.188.xxx.xxx,IP,"[]"
Domain_3f142b816ece95f0c46c9aa191addf50a60d2a3ba45ff2a4c6610a11774fa1ec,3f142b816e.com,Domain,"[]"
Domain_c7618e85230d31ed33d566b6b85dcdafd1a73918cb00b1807a5617e053749843,c7618e8523.com,Domain,"[]"
IP_c2584c58d301ead55edef7299cfb089fd5dc2c4a75620bebda9abc001c95e2eb,45.43.xxx.xxx,IP,"[]"
IP_456767e6aeaf738587b82cfbe1e8ed196b1bfa531b005b7f312280c36ebeb7a4,45.43.xxx.xxx,IP,"[]"
Domain_07a0c110b1daae6c3bcf2c26205d947fb86947505081b65bfd3624a1d921d45a,07a0c110b1.com,Domain,"[B]"
Cert_3728cd9b47e3cf08dc66d51f695e8753d96a5ca28ccdb58fcad3095fe9cf3b02,3728cd9b47,Cert,"[]"
Domain_710dd48ab0e280a4ae60fe284ba71e59bf3964568fa7c0f82a60aafb49408497,710dd48ab0.com,Domain,"[]"
IP_a4f569e08495a3adf421f0148636ffaf760dd2f12be4369cbe7fadbbaf7ac9b2,154.92.xxx.xxx,IP,"[]"
Domain_0a306ce669b620bd1a1645e911d69cae20dc5f3b913dec82fbcdf344ce3f4bb8,0a306ce669.com,Domain,"[]"
IP_418c493c85be32ec02b165161cec3d87aeaf54c4e776b65486d3967ff46d1a43,67.229.xxx.xxx,IP,"[]"
Domain_7a6ce93e6e2029534b2f4a955312535eb4ac552a801ed6a610be8859ba45f053,7a6ce93e6e.com,Domain,"[]"
IP_f7b827168441f92ce537eff7b7c49083a03db553157d3b60cc3437b050bf60e7,154.92.xxx.xxx,IP,"[]"
Cert_acead45ee12656aec37abaa7b5c9e449c48bc0593c9c046dd84ff451a880d84f,acead45ee1,Cert,"[]"
IP_de594f950dd13bc4ea7c6055b14c322d9d0348f03c21d0271fbfcc777f8fd795,103.41.xxx.xxx,IP,"[]"
Cert_7b2b1759a23e4f780132009b1f3a896afcbd852ae740ec81eb4c6656a986f47e,7b2b1759a2,Cert,"[]"
Domain_dfb7176c5e51239b2bd502af8fab2ad3d76a9618d20d6aef5d0b8f74b2870b7f,dfb7176c5e.com,Domain,"[]"
Domain_98bf2355dda22e2314c491fe928df584141294016687e8318b9e9dc982ee1585,98bf2355dd.com,Domain,"[]"
Domain_c337bf037080247ab5e34ffe234d1b58e34ea24f8126d4a603de19e9d64ca71d,c337bf0370.com,Domain,"[]"
Domain_3d7dd78c59d49bd5d404d2f9ad71ee86ad4c7e7c14d5b62bf0099c43808ae0b1,3d7dd78c59.com,Domain,"[]"
Domain_79d89a9d42867badef3d2c195f3c94bb35deefa82a00cd99c15d9138f78896bc,79d89a9d42.com,Domain,"[]"
Domain_4847e7faf9955f4e05d5b48752b2994776b5e512cdf34dd5eb91096533415e6a,4847e7faf9.com,Domain,"[]"
IP_3a14278258f1d1aa7edf1cd89a497ccc2ef1864a031fef2a5cf83205dfbb9e88,154.201.xxx.xxx,IP,"[]"
Domain_f59604bf88cd66905daeffd0fbc7a6a0c872172d73019c9a2478668a293b44a1,f59604bf88.com,Domain,"[]"
Domain_a9c74bcdae72003f3a26659b2123c3662b307776c90bbbccdb3947e1af698b74,a9c74bcdae.com,Domain,"[]"
Domain_025efcf11f1bb46f843b4351b02edff2d0cb2630357c7b79da05db889f7dd3d4,025efcf11f.com,Domain,"[]"
IP_029d81c691e0f40aeab7ecffc761165fd5639c991409f7eeade3c39e6f932c7d,154.201.xxx.xxx,IP,"[]"
Domain_b615fd252c0f5a80734c1c7c1d05d23d7ee2983d160e78948838de8711a2bc0d,b615fd252c.com,Domain,"[A]"
Domain_013222bda72162d7a2ef07ad50f92d2a567e0cd42757dc5af7521a764b3ba9f5,013222bda7.com,Domain,"[]"
Domain_18d0506a9d286f0be81c50cb51fd96c4afc718a7c8aa5a1eb974a957f95f85a9,18d0506a9d.com,Domain,"[B]"
Domain_62072261af78a4024b65650037fe3fc4a0ece91acfa6a46d8d06ae5d75762c9c,62072261af.com,Domain,"[]"
IP_0a84e0b28946d4ec15c0ac5f102c7bccd57dc5337d26980d6187a4d26cd5cdc6,117.18.xxx.xxx,IP,"[]"
Domain_6e5208cc291aa769c37aeb8c38d7233af1b2cb796ff3e8d0635a5503b6cd87fb,6e5208cc29.com,Domain,"[]"
Domain_e8d2343b54d6c7be249fc37a60b1e208d76844951d44ad9b49ee6e6b00b7adf9,e8d2343b54.com,Domain,"[]"
Domain_607de31680e1c839b06d487e886dcadd5a650d30a7587c481296bcde7120bdb5,607de31680.com,Domain,"[]"
IP_08d8ecf60b0d583a60d6010757cf9abfb3e9919066092e8d91c731242786230d,45.142.xxx.xxx,IP,"[]"
Domain_e96f23e8221d0a1e5afcbda1b0a6811762b53383f757fec5c25a63caf2bc1894,e96f23e822.com,Domain,"[]"
Domain_08a6f46c9de59cb11c3516d0f8ee043c22a103baee66763a2f1c3d02a6a56cde,08a6f46c9d.com,Domain,"[]"
Domain_98bdd1d4512c9e09fe7bb850af388b46d68531a14ec65645284a1aa4c8445266,98bdd1d451.com,Domain,"[]"
Cert_f03e1dfc9e9910dc50a0fca6e542d53417323c6109dc444013cb1bc26d38911c,f03e1dfc9e,Cert,"[]"
