r_subdomain,Domain_1445090113ee34f43df79e75aa6c87f3c9cd71d384bf2109b7a6fc670236459f,Domain_8489e9c134c9bb53a7f9b93e3df2e468b7214ab2d35b207e64bf131f76d92f7a
r_dns_a,Domain_731cd01e0fd6d5202a352f4ef6be746e89416f91e8e714e0ae4a6fbaff8de8a9,IP_125130bcfe9c0dbf311aed1de044eee1920c79f853cbb03d403c009f2134cf98
r_cert,Domain_731cd01e0fd6d5202a352f4ef6be746e89416f91e8e714e0ae4a6fbaff8de8a9,Cert_f7d37c728a19eebd8cda83a216bfcae62f83e01cc4523de279c725797ef591d1
r_dns_a,Domain_f8b3e074e9f773b5c2a33738ef4b67c5902dcfead8e7b416bf5eed93dbe33381,IP_125130bcfe9c0dbf311aed1de044eee1920c79f853cbb03d403c009f2134cf98
r_dns_a,Domain_5407d36bef04e48c377d16221507759eea0d1caebaec5d919a94f7827a7b40bc,IP_125130bcfe9c0dbf311aed1de044eee1920c79f853cbb03d403c009f2134cf98
r_cert,Domain_5407d36bef04e48c377d16221507759eea0d1caebaec5d919a94f7827a7b40bc,Cert_f7d37c728a19eebd8cda83a216bfcae62f83e01cc4523de279c725797ef591d1
r_dns_a,Domain_93bf8600c676f797e1b44be603d1d8bf6e55cd3988276a6983b2cd076ae090d2,IP_125130bcfe9c0dbf311aed1de044eee1920c79f853cbb03d403c009f2134cf98
r_dns_a,Domain_f50840a78ac05ea42dec2fbd7991162f9efa23fa8a02896bb7c19370b27ecfca,IP_125130bcfe9c0dbf311aed1de044eee1920c79f853cbb03d403c009f2134cf98
r_subdomain,Domain_f50840a78ac05ea42dec2fbd7991162f9efa23fa8a02896bb7c19370b27ecfca,Domain_461c98a4c814d521a782306d62004f29955a73d806917050a02ff8c3c9195160
r_dns_a,Domain_27c1db4cce7e70807a134fccdd055c77e9cbe26c6505e090c171a2a6314cd863,IP_125130bcfe9c0dbf311aed1de044eee1920c79f853cbb03d403c009f2134cf98
r_cert,Domain_27c1db4cce7e70807a134fccdd055c77e9cbe26c6505e090c171a2a6314cd863,Cert_f7d37c728a19eebd8cda83a216bfcae62f83e01cc4523de279c725797ef591d1
r_dns_a,Domain_d093edac9dc06ada53a82fbed5bcffae72399a8f8c043b49480bbbbab4089db3,IP_125130bcfe9c0dbf311aed1de044eee1920c79f853cbb03d403c009f2134cf98
r_subdomain,Domain_d093edac9dc06ada53a82fbed5bcffae72399a8f8c043b49480bbbbab4089db3,Domain_ef7546a9795979a603560f4235a59aa8834567ecb9d5adef638c990904754277
r_cert,Domain_d093edac9dc06ada53a82fbed5bcffae72399a8f8c043b49480bbbbab4089db3,Cert_f7d37c728a19eebd8cda83a216bfcae62f83e01cc4523de279c725797ef591d1
r_dns_a,Domain_016ff61e4b8229d7d8a657ba483e7d531e2d0f6c0fed04c67f6350013341f51e,IP_125130bcfe9c0dbf311aed1de044eee1920c79f853cbb03d403c009f2134cf98
r_dns_a,Domain_8489e9c134c9bb53a7f9b93e3df2e468b7214ab2d35b207e64bf131f76d92f7a,IP_f99d727b358ff8359e0624b41771f4f801e6e83733864c55fef2e353f077f218
r_cert,Domain_bc119c03542414779f498c2ddf5acc3c50b62185055708f856d1b8f09ded8697,Cert_f7d37c728a19eebd8cda83a216bfcae62f83e01cc4523de279c725797ef591d1
r_subdomain,Domain_fb0d7ffc4e3abf7c053cebb762cb906d9284e7f51e8c62df884f5594bf7883c3,Domain_93bf8600c676f797e1b44be603d1d8bf6e55cd3988276a6983b2cd076ae090d2
r_cert,Domain_461c98a4c814d521a782306d62004f29955a73d806917050a02ff8c3c9195160,Cert_f7d37c728a19eebd8cda83a216bfcae62f83e01cc4523de279c725797ef591d1
r_dns_a,Domain_ef7546a9795979a603560f4235a59aa8834567ecb9d5adef638c990904754277,IP_f99d727b358ff8359e0624b41771f4f801e6e83733864c55fef2e353f077f218
