r_subdomain,Domain_5d9bd584052c4d5ab7178bb96b88c5d5f4ce64d83b9036c09f8366ec79892bf9,Domain_f024c70687f8c31485eb9baf97b68232433090654d2d8ff55e8bd94894d03e7a
r_subdomain,Domain_5d9bd584052c4d5ab7178bb96b88c5d5f4ce64d83b9036c09f8366ec79892bf9,Domain_28fd78eb0c1d8bcc40bf86d7510036886e22d69c27faab19f73f0274e9c5c812
r_subdomain,Domain_3ec2ee9631f014daaeaac4c2532c3a6078333ce1976319fd88f8da8040af97e6,Domain_2c108abf99c9d8a78ec2d5beab613499176858e8b97cdae676f7636a3d14f384
r_subdomain,Domain_0e7602fcaccdc52635d965b083cb573772d30cdd947da9a2b917b10d2b6b8fb9,Domain_a0c428b16c5390cd3d16cd89d345d1710d015585ca35d05e899ddc0c275aca09
r_subdomain,Domain_2f28dda22ce9d1ba3b24095953fd39536bd0ac3a900f0dcf2e4114b627ce7d57,Domain_061ac7a37a90f1c05e260506c17139087449808b99973214f89278665106f70b
r_subdomain,Domain_2f28dda22ce9d1ba3b24095953fd39536bd0ac3a900f0dcf2e4114b627ce7d57,Domain_c4a241811d84533f58d54caf19c91c9f99718b916489e6df307e6a618d59f466
r_subdomain,Domain_9848eebcc5d5d62bad8f65ab6cb89cb9b75d5ff70b4aeba74b94f32ed9fd843f,Domain_cd91cdd978b82ac9293da9831db8f4e15027c7908bb544c845514dfaa6bb37f6
r_subdomain,Domain_d141f48089a94829f6207b3017cb31efb7e99701100068bdf14611b19e6e7cd7,Domain_bd9df8f99bc78a3e971930a90bc1135f9b3d0d328ecd71005ecd2ebe6710bf07
r_subdomain,Domain_5f2a1d90faab97b62e6251219f7f484e1d21a2bfd7ea8e774f3840d96c4276bb,Domain_e1210749ad5b7c14cb7cb1032b373f1687e781d1378dea4c165f6f41342cf275
r_subdomain,Domain_5f2a1d90faab97b62e6251219f7f484e1d21a2bfd7ea8e774f3840d96c4276bb,Domain_d9c6599705c5bd9b8626a129a590f42b160d5dc5f92cb0822f6181575c3b05d2
r_dns_a,Domain_f024c70687f8c31485eb9baf97b68232433090654d2d8ff55e8bd94894d03e7a,IP_535df556e6de9f1c2aa13dfc13644ec36ea3ed3f45edb0b18a21c709c53b8b38
r_subdomain,Domain_2270429d50de525c1566fb5e4fbf36a7bc40d612c37aca5f6758a481a438c6ba,Domain_efabd556471f0e6492ff8f81caefe169b835b42a68466062d5cc06fc00de96b6
r_dns_a,Domain_2c108abf99c9d8a78ec2d5beab613499176858e8b97cdae676f7636a3d14f384,IP_535df556e6de9f1c2aa13dfc13644ec36ea3ed3f45edb0b18a21c709c53b8b38
r_subdomain,Domain_84cc642f3d4a0113247b1d5dc773105fa949033f0cab9ddb3c5660ea75161dba,Domain_6b0398d7c96f5723da91d26507be20b74c91eb1099830461a05fd6d58230e134
r_subdomain,Domain_9f4df327678fcb929f088a7ad44c84f3cf8db6824576fc90755ff146aaac0484,Domain_cada1cd554e5df39027f16557a8924e8f51fc04c24d61f7fbbf3a138b4e22437
r_dns_a,Domain_a0c428b16c5390cd3d16cd89d345d1710d015585ca35d05e899ddc0c275aca09,IP_535df556e6de9f1c2aa13dfc13644ec36ea3ed3f45edb0b18a21c709c53b8b38
r_subdomain,Domain_149b3258855d07c419eac892d4a5e4b342680f3cc1cda8c3c01b4e47e606c417,Domain_875c291c5eb182aaff9d210d332a90d02450cff426ffeef87d7f71e8748f5294
r_subdomain,Domain_149b3258855d07c419eac892d4a5e4b342680f3cc1cda8c3c01b4e47e606c417,Domain_37a9b721fd74a320bd0164899657ccc5842dfbe6fb428fe6878c7f8715029dfd
r_subdomain,Domain_149b3258855d07c419eac892d4a5e4b342680f3cc1cda8c3c01b4e47e606c417,Domain_ad3eff300f07fe8b87b7c8c57a95c6ce69ed86c8f5fc58a574a00b1b13e68b3f
r_subdomain,Domain_a65bebc739e1640ade81ab2f54f0aa36d13c576c5691658972679d09b39fdd64,Domain_b2e7750433451df0d3f3dcf125bda17a54ea07cce3bfbbca16fbfd1c448e76dd
r_subdomain,Domain_8302f62d012eeeb41700bd4acdce55a9880da61c5e923c288a25938cf3423483,Domain_a59bfdf8f8776b713b40a69fd13fe106eee2abf53d7dc46cfd8ccaba3abe1540
r_subdomain,Domain_125ea056ecfe29740d1818d922ec76450ea5864358e155ec81c66a0305f88338,Domain_dc320122e70732e00769a0370c5d3fdc14922602998391672ca1d752f53f1db8
r_dns_a,Domain_dc320122e70732e00769a0370c5d3fdc14922602998391672ca1d752f53f1db8,IP_535df556e6de9f1c2aa13dfc13644ec36ea3ed3f45edb0b18a21c709c53b8b38
r_subdomain,Domain_7499a179b59bd640d8469c1f6106b0ba393748864ea5ebb53fc79261fc640601,Domain_dbc3a0e238a2818946b8e15bb8235694e442ab04244be256aaa7350bedc1be50
r_dns_a,Domain_061ac7a37a90f1c05e260506c17139087449808b99973214f89278665106f70b,IP_535df556e6de9f1c2aa13dfc13644ec36ea3ed3f45edb0b18a21c709c53b8b38
r_dns_a,Domain_cd91cdd978b82ac9293da9831db8f4e15027c7908bb544c845514dfaa6bb37f6,IP_535df556e6de9f1c2aa13dfc13644ec36ea3ed3f45edb0b18a21c709c53b8b38
r_dns_a,Domain_3754a9e5c7c02db5282c02ae097b52f0fba804017a911c87f151e27e1b7f64f5,IP_535df556e6de9f1c2aa13dfc13644ec36ea3ed3f45edb0b18a21c709c53b8b38
r_subdomain,Domain_3754a9e5c7c02db5282c02ae097b52f0fba804017a911c87f151e27e1b7f64f5,Domain_82da73dead09ccb4ec2103a9bf83126c9ceb765453e2e3b0ac0ca88a46246455
r_dns_a,Domain_cf43c838ab40d81998b3ada6bda6eee8a0c6e89d3122bc75aa670f08f9ca7f70,IP_535df556e6de9f1c2aa13dfc13644ec36ea3ed3f45edb0b18a21c709c53b8b38
r_subdomain,Domain_cf43c838ab40d81998b3ada6bda6eee8a0c6e89d3122bc75aa670f08f9ca7f70,Domain_1613837e35cec8abbf35ca2e753259faa97f474072b146a1810972d3efcecdac
r_dns_a,Domain_6465ad80ce908270c8d8f215fd36758ac2cc6ddd7858764263387288a152c704,IP_535df556e6de9f1c2aa13dfc13644ec36ea3ed3f45edb0b18a21c709c53b8b38
r_subdomain,Domain_6465ad80ce908270c8d8f215fd36758ac2cc6ddd7858764263387288a152c704,Domain_b0662f1eb1b3cdda1813b901eb9af52d333c4e3f5acf35f9db2472ec1476c895
r_dns_a,Domain_2adb116f47a664ade731992532f3fb511c63a99cec40a61fd234fdb39fdb0c33,IP_535df556e6de9f1c2aa13dfc13644ec36ea3ed3f45edb0b18a21c709c53b8b38
r_subdomain,Domain_2adb116f47a664ade731992532f3fb511c63a99cec40a61fd234fdb39fdb0c33,Domain_8ffea821b6641fe9c132fd43820b1122e942990298ea7a521a4aca3919849456
r_dns_a,Domain_1bd36eec3ed75ab847a4e00422d89fc69969f6c220b5f0f4fbdf5b05f66007a4,IP_535df556e6de9f1c2aa13dfc13644ec36ea3ed3f45edb0b18a21c709c53b8b38
r_subdomain,Domain_1bd36eec3ed75ab847a4e00422d89fc69969f6c220b5f0f4fbdf5b05f66007a4,Domain_4f8d3c3218731075efa0ebab2c81728e1fc59ec5afdb8112c737d9d1466d7f6e
r_dns_a,Domain_72f4d7530a417bad3b9b1fba53def094697a871887fd2de720d3b1f2d8db15be,IP_535df556e6de9f1c2aa13dfc13644ec36ea3ed3f45edb0b18a21c709c53b8b38
r_subdomain,Domain_72f4d7530a417bad3b9b1fba53def094697a871887fd2de720d3b1f2d8db15be,Domain_18704643ed786e3cc8898b8a613841183c40fb7a89dd0ec41056bf5ca499e805
r_dns_a,Domain_0022c2b7e17b06b4a8c168f6ba99067ad1d895003073bfb7c9e2aca0b590506d,IP_535df556e6de9f1c2aa13dfc13644ec36ea3ed3f45edb0b18a21c709c53b8b38
r_subdomain,Domain_0022c2b7e17b06b4a8c168f6ba99067ad1d895003073bfb7c9e2aca0b590506d,Domain_cd78bbeba119b95d2d395dc9fd85bf009c6b9fba5ac3582aca4afdf717551d20
r_dns_a,Domain_6b65e0464a094b10ef6ab06dabfe3c22e813515566a89329f91b874ee0816fe1,IP_535df556e6de9f1c2aa13dfc13644ec36ea3ed3f45edb0b18a21c709c53b8b38
r_subdomain,Domain_6b65e0464a094b10ef6ab06dabfe3c22e813515566a89329f91b874ee0816fe1,Domain_776392f63206b29e2888c7518444c96dd154ab6908b73491f93b4eefda6f44c0
r_dns_a,Domain_fcb0f924400cec8279bc9a32ce93c9426a960130cf036abd85db23244bcded68,IP_535df556e6de9f1c2aa13dfc13644ec36ea3ed3f45edb0b18a21c709c53b8b38
r_subdomain,Domain_fcb0f924400cec8279bc9a32ce93c9426a960130cf036abd85db23244bcded68,Domain_9cc49b1ebf893140810ee0f026097193a546cae1a58a3791f494569990d6aadd
r_dns_a,Domain_8a3f810630e53eb3a29cbc8b924121a6bd80c9d7bb87e486da8913f4726ab089,IP_535df556e6de9f1c2aa13dfc13644ec36ea3ed3f45edb0b18a21c709c53b8b38
r_subdomain,Domain_8a3f810630e53eb3a29cbc8b924121a6bd80c9d7bb87e486da8913f4726ab089,Domain_b4a79083108049ea868c1f4a07fb8fd710925243021690d980e18cb54771f2e0
r_dns_a,Domain_ee0994d297e49dec8134c94d294f1e226b817d5fd43bc8290592306e9d5a4c41,IP_535df556e6de9f1c2aa13dfc13644ec36ea3ed3f45edb0b18a21c709c53b8b38
r_subdomain,Domain_ee0994d297e49dec8134c94d294f1e226b817d5fd43bc8290592306e9d5a4c41,Domain_fd3ffb9953c4f8b779acb6112537bcb681e9df26d07c6266e9abd652092da53e
r_subdomain,Domain_ee0994d297e49dec8134c94d294f1e226b817d5fd43bc8290592306e9d5a4c41,Domain_a6c0702ccec45a0f3ab5e29c1fac19d538a76aa4f3f7ae134933da08b9c9d95b
r_subdomain,Domain_ee0994d297e49dec8134c94d294f1e226b817d5fd43bc8290592306e9d5a4c41,Domain_467f66de950180e3c9b9cbcadb8155291582754c297ea588c3826b2c5ddafc00
r_subdomain,Domain_ee0994d297e49dec8134c94d294f1e226b817d5fd43bc8290592306e9d5a4c41,Domain_df8f91bcaf2a2125e0fb97d45726f1b71d48035101c51a54e17c60a6adb615a1
r_subdomain,Domain_ee0994d297e49dec8134c94d294f1e226b817d5fd43bc8290592306e9d5a4c41,Domain_c3ad3846f5daa1efdc4acabd42d88a1171a9824554c5c8fb2f21827441b1d3a4
r_subdomain,Domain_ee0994d297e49dec8134c94d294f1e226b817d5fd43bc8290592306e9d5a4c41,Domain_3764ec15a65c500053b680d7983f6cb20fb5a7b95de446780759204110fe0aaf
r_subdomain,Domain_ee0994d297e49dec8134c94d294f1e226b817d5fd43bc8290592306e9d5a4c41,Domain_61c99c564de5c5ec40179d0691fc8680ddab468a98fce3e5bebdf8e7bef5f224
r_subdomain,Domain_ee0994d297e49dec8134c94d294f1e226b817d5fd43bc8290592306e9d5a4c41,Domain_d2bcd327eb00f240e55af32cfeb67059f3fcdc15db340bb49fa23051995497f4
r_dns_a,Domain_60198d951abb11020c06a4c9daeb25ce94bd4426ffba017dbbdd88fef19dbee9,IP_535df556e6de9f1c2aa13dfc13644ec36ea3ed3f45edb0b18a21c709c53b8b38
r_subdomain,Domain_60198d951abb11020c06a4c9daeb25ce94bd4426ffba017dbbdd88fef19dbee9,Domain_076cc64940bd8129e9aa60d36fdffec7a2fd9a03bfb5991a26f323a29e2e486e
r_dns_a,Domain_a19436df49637c71be456b7e54018dab0ff01eb2150d0d62f003c5eff631375a,IP_535df556e6de9f1c2aa13dfc13644ec36ea3ed3f45edb0b18a21c709c53b8b38
r_dns_a,Domain_0101c58fea269e460f516103dc62264a78afdcda8c7d309efeaf94f0fc35fea6,IP_535df556e6de9f1c2aa13dfc13644ec36ea3ed3f45edb0b18a21c709c53b8b38
r_subdomain,Domain_0101c58fea269e460f516103dc62264a78afdcda8c7d309efeaf94f0fc35fea6,Domain_2a83b5d83683980f4be160aec13e76e9209d0b49a4808949c553110381ce42ab
r_dns_a,Domain_db69d5cc2b545e0e4ee5f5d65e7c6f5fa444d56a32ab84bb550975cae58403ab,IP_535df556e6de9f1c2aa13dfc13644ec36ea3ed3f45edb0b18a21c709c53b8b38
r_subdomain,Domain_db69d5cc2b545e0e4ee5f5d65e7c6f5fa444d56a32ab84bb550975cae58403ab,Domain_f5fed988f3b9f7524c50cba396edb81a765d111713f92d6aaf5d06961da8bd29
r_dns_a,Domain_85c8cec84832035f1c4adcfab2a9d3fb476c33208bba13548e926339d9433bda,IP_535df556e6de9f1c2aa13dfc13644ec36ea3ed3f45edb0b18a21c709c53b8b38
r_subdomain,Domain_85c8cec84832035f1c4adcfab2a9d3fb476c33208bba13548e926339d9433bda,Domain_41015ad4ae0a18a581cbb0235f0b39c0fdd2c74282dd7b042bb05b64fe82f1dc
r_dns_a,Domain_bc13ab7ea6ea69e25cc4b86735423cb5900d678cfb8c5cb0595988f193b4c17d,IP_535df556e6de9f1c2aa13dfc13644ec36ea3ed3f45edb0b18a21c709c53b8b38
r_subdomain,Domain_bc13ab7ea6ea69e25cc4b86735423cb5900d678cfb8c5cb0595988f193b4c17d,Domain_53315ccac8c05beabc86e38dc5a3996661895445ce465c84bfa1610901293657
r_dns_a,Domain_eedd9aba0554bace7b1eaebc04b31f2da7ccecc1e2f3744cb20cec887ac27c82,IP_535df556e6de9f1c2aa13dfc13644ec36ea3ed3f45edb0b18a21c709c53b8b38
r_subdomain,Domain_eedd9aba0554bace7b1eaebc04b31f2da7ccecc1e2f3744cb20cec887ac27c82,Domain_b37f8d67df19cb66385e60288b92f8814e3a2d9b88578e302942b1a990b8a2a5
r_dns_a,Domain_128e58c3abb721aa1d5998e7c63643c99eebca40504f8d8bda5c0bd2d49722f7,IP_535df556e6de9f1c2aa13dfc13644ec36ea3ed3f45edb0b18a21c709c53b8b38
r_subdomain,Domain_128e58c3abb721aa1d5998e7c63643c99eebca40504f8d8bda5c0bd2d49722f7,Domain_30f6c0aa1c4facaf8c20f3a35db9f4bbdccf9593e22a37cbeb708c73c1800aea
r_dns_a,Domain_ad2d8f1f5de932149777c4da1f602a90c3c30d0ede5da8ee8b124a351b1f45bf,IP_535df556e6de9f1c2aa13dfc13644ec36ea3ed3f45edb0b18a21c709c53b8b38
r_subdomain,Domain_ad2d8f1f5de932149777c4da1f602a90c3c30d0ede5da8ee8b124a351b1f45bf,Domain_0b26a4d69e473b8bb49bc4b70e0adb2d468e3e90e631ffbec2b84791833026e2
r_dns_a,Domain_2be0dc0772d8a5ce666f52bb1dd890f47413f4dd659222d0989607a75aea89e3,IP_535df556e6de9f1c2aa13dfc13644ec36ea3ed3f45edb0b18a21c709c53b8b38
r_subdomain,Domain_2be0dc0772d8a5ce666f52bb1dd890f47413f4dd659222d0989607a75aea89e3,Domain_1c92e9eb02db89b5bcf6720323ba2290be0823833e3cdd057db2766131b393d9
r_dns_a,Domain_32726eb6dd5c354b9841e3d0c27ed8f76751bdbec60b73265a434f4babc0a9c4,IP_535df556e6de9f1c2aa13dfc13644ec36ea3ed3f45edb0b18a21c709c53b8b38
r_subdomain,Domain_32726eb6dd5c354b9841e3d0c27ed8f76751bdbec60b73265a434f4babc0a9c4,Domain_843314db4418d3fc8e427f0fccbd9e9fc0067916621c825ebea1d85e83f59cd2
r_dns_a,Domain_6ba029e0b6ad7cc12bad5c98cc725536bfdf74837a7f789d2a0efe56ae31429e,IP_535df556e6de9f1c2aa13dfc13644ec36ea3ed3f45edb0b18a21c709c53b8b38
r_subdomain,Domain_6ba029e0b6ad7cc12bad5c98cc725536bfdf74837a7f789d2a0efe56ae31429e,Domain_0128717d9339fb1c545ee271c462c888360e58d50fbaf23a63a814d2d18d1eb2
r_dns_a,Domain_7b6f86667245ab0872ec4f0f82ddc08a64ff45230778a662482ec7dd82d882c0,IP_535df556e6de9f1c2aa13dfc13644ec36ea3ed3f45edb0b18a21c709c53b8b38
r_subdomain,Domain_7b6f86667245ab0872ec4f0f82ddc08a64ff45230778a662482ec7dd82d882c0,Domain_6cea817d1b68231ac6bbb07ac37e6ad8a6fb01e2ba08db6d4fb1ead516101394
r_dns_a,Domain_b0a9534028a7a01583a6235429efdb8d1fce4837525c3a429adadc43e098e5e6,IP_535df556e6de9f1c2aa13dfc13644ec36ea3ed3f45edb0b18a21c709c53b8b38
r_subdomain,Domain_b0a9534028a7a01583a6235429efdb8d1fce4837525c3a429adadc43e098e5e6,Domain_e7dc3280eb80334c892558ddf2504c5ecb315aa0039b247eca0e091a02f5cf1f
r_dns_a,Domain_d4dacf11280fb00660dd8024fdd41325d7836428fd3141f1624b8fb310c941c3,IP_535df556e6de9f1c2aa13dfc13644ec36ea3ed3f45edb0b18a21c709c53b8b38
r_subdomain,Domain_d4dacf11280fb00660dd8024fdd41325d7836428fd3141f1624b8fb310c941c3,Domain_cab0dde9db9ab5c673e66d23dbd7b18e90e8cf33f5aac03dc4e7b3147812a0c4
r_dns_a,Domain_491c9891d1e0db12c9c8c68112cf0f7def6e573a61c97cccd2273ad0ccb2d8da,IP_535df556e6de9f1c2aa13dfc13644ec36ea3ed3f45edb0b18a21c709c53b8b38
r_subdomain,Domain_491c9891d1e0db12c9c8c68112cf0f7def6e573a61c97cccd2273ad0ccb2d8da,Domain_74b9c1c80b442d4dc4eb484e214d56c46eb8c329caf8ca4056900b52e91d3308
r_dns_a,Domain_66e7e31a8babe89836e81555daf9107d99537eb4453c80c30db8312ded69d1f3,IP_535df556e6de9f1c2aa13dfc13644ec36ea3ed3f45edb0b18a21c709c53b8b38
r_subdomain,Domain_66e7e31a8babe89836e81555daf9107d99537eb4453c80c30db8312ded69d1f3,Domain_8ab50311043c55ca2d52ccc3b6e18647b7cc224f41a603bd97d6d26779be92ed
r_dns_a,Domain_04f44fd5a288fcd8b1c7cab55245e11609293a51132be65f28c89fbb39650876,IP_535df556e6de9f1c2aa13dfc13644ec36ea3ed3f45edb0b18a21c709c53b8b38
r_subdomain,Domain_04f44fd5a288fcd8b1c7cab55245e11609293a51132be65f28c89fbb39650876,Domain_93e9c8c1b765879ed17e3dff2cb2e90ed598eeabb34fb85a92898da85b87ffe2
r_subdomain,Domain_04f44fd5a288fcd8b1c7cab55245e11609293a51132be65f28c89fbb39650876,Domain_62485565074c7ef08a63cf244b559f60389504c1ff56df318899af9239c0acf3
r_dns_a,Domain_f2ebbb6903e6a9a7c4b77131f099e425a19f74ce9934a6b1c9f012454ed652d7,IP_535df556e6de9f1c2aa13dfc13644ec36ea3ed3f45edb0b18a21c709c53b8b38
r_subdomain,Domain_f2ebbb6903e6a9a7c4b77131f099e425a19f74ce9934a6b1c9f012454ed652d7,Domain_2fbe0e0964fdbb2e644daf0d059c2eb762e33fbe5a02308202de1359a5069e09
r_dns_a,Domain_b448025c55212f672367ebcf5aee1ea1567de30d9b1dd2a074bff3cb60d17e33,IP_535df556e6de9f1c2aa13dfc13644ec36ea3ed3f45edb0b18a21c709c53b8b38
r_subdomain,Domain_b448025c55212f672367ebcf5aee1ea1567de30d9b1dd2a074bff3cb60d17e33,Domain_bc5b194211d6536eb4947310517669066b502701fd3c039dd3eafbb51f58fdcf
r_dns_a,Domain_e78cb7ecc18329330bf61a36528e707f3d2d5bb1c982f0c7fd7587527ce7b4da,IP_535df556e6de9f1c2aa13dfc13644ec36ea3ed3f45edb0b18a21c709c53b8b38
r_subdomain,Domain_e78cb7ecc18329330bf61a36528e707f3d2d5bb1c982f0c7fd7587527ce7b4da,Domain_0b88332e5ccfecb26e42e564480bd8e83b643a94cfebfe241c7a7f1dc3ad048e
r_dns_a,Domain_e95c10593d35d6aa887e3d6d20bb034044cf0dac866130dfbcaee23088a12e02,IP_535df556e6de9f1c2aa13dfc13644ec36ea3ed3f45edb0b18a21c709c53b8b38
r_subdomain,Domain_e95c10593d35d6aa887e3d6d20bb034044cf0dac866130dfbcaee23088a12e02,Domain_a074b3515aaa4e319db2cb939b1725b19d457d1753297cc5e96bdedb4512663b
r_dns_a,Domain_aadc4702f191371d44ab9bfda722318dd6efa2535ffb006983d52db59847e467,IP_535df556e6de9f1c2aa13dfc13644ec36ea3ed3f45edb0b18a21c709c53b8b38
r_subdomain,Domain_aadc4702f191371d44ab9bfda722318dd6efa2535ffb006983d52db59847e467,Domain_6df3587acb9a2d5af996773889602d55fbcaceebbe3676c602072e2dc5a10d5e
r_dns_a,Domain_13cccc45a7051068a184797e9e9b67fcb837323fc056610a819b93f226144b61,IP_535df556e6de9f1c2aa13dfc13644ec36ea3ed3f45edb0b18a21c709c53b8b38
r_subdomain,Domain_13cccc45a7051068a184797e9e9b67fcb837323fc056610a819b93f226144b61,Domain_225754df3af3848d2ae97f734fb12f7f3e35519b22c6398956aa245d37c3c318
r_dns_a,Domain_e7b437ef0c9f1f4a840c896f7ee35a26d6bf1f548261d18e03751df88f9815be,IP_535df556e6de9f1c2aa13dfc13644ec36ea3ed3f45edb0b18a21c709c53b8b38
r_subdomain,Domain_e7b437ef0c9f1f4a840c896f7ee35a26d6bf1f548261d18e03751df88f9815be,Domain_de3fac741a611be56f91c63575ec955c389eaa1af8485a69186281c5fcd9c291
r_dns_a,Domain_7e7e9e4bc4da2f966b9c0a58571e9ff104df464b71035ee618b6e47011b9e690,IP_535df556e6de9f1c2aa13dfc13644ec36ea3ed3f45edb0b18a21c709c53b8b38
r_dns_a,Domain_e373454c8bb5b608605d6e9121475f6d492790db04d64cb6492a15accc896b88,IP_535df556e6de9f1c2aa13dfc13644ec36ea3ed3f45edb0b18a21c709c53b8b38
r_subdomain,Domain_e373454c8bb5b608605d6e9121475f6d492790db04d64cb6492a15accc896b88,Domain_60aad6f5a3b423db2eb472b6b09cdd95a8d5d003bb11194c3b0bd13c8a891ad7
r_dns_a,Domain_3fb67a1bfb2bafcdb433d4c86d633a56065473981c6f7e61ca192b68198ce1df,IP_535df556e6de9f1c2aa13dfc13644ec36ea3ed3f45edb0b18a21c709c53b8b38
r_subdomain,Domain_3fb67a1bfb2bafcdb433d4c86d633a56065473981c6f7e61ca192b68198ce1df,Domain_cdb15be13c1e1f061bd4cb5327b18195025d1df637755721daa64e39ea80919a
r_dns_a,Domain_56e19d771865af63d27a054422998a62bbb7629dec3730378f21a2b6815dd1fb,IP_535df556e6de9f1c2aa13dfc13644ec36ea3ed3f45edb0b18a21c709c53b8b38
r_subdomain,Domain_56e19d771865af63d27a054422998a62bbb7629dec3730378f21a2b6815dd1fb,Domain_3a2ff9b54d0b65adc9209679e27209ac59efa12940a6f21fd8fc8a211dd264d1
r_dns_a,Domain_28d31b31389c57c8c058cf6c72181ac1ac6bac4bdd43e7b72f68caaf4b2374f7,IP_535df556e6de9f1c2aa13dfc13644ec36ea3ed3f45edb0b18a21c709c53b8b38
r_subdomain,Domain_28d31b31389c57c8c058cf6c72181ac1ac6bac4bdd43e7b72f68caaf4b2374f7,Domain_729c97ab6a8620e5a7ce8014885da4f95d5ba7ee9b530525d50e4dd0fae70dd7
r_dns_a,Domain_c6b39625da7958fcdbd51cd101b1483cca34503f3b51f4ed131d18300c031ebd,IP_535df556e6de9f1c2aa13dfc13644ec36ea3ed3f45edb0b18a21c709c53b8b38
r_subdomain,Domain_c6b39625da7958fcdbd51cd101b1483cca34503f3b51f4ed131d18300c031ebd,Domain_8c812201b505df5b66ee402384b82646ddc2a7c1a5cd3d8dd57e917e7a78b399
r_dns_a,Domain_956276e965bb4cfa39a6c38064c8356b01924ab0ed7c615981a3eb9975196607,IP_535df556e6de9f1c2aa13dfc13644ec36ea3ed3f45edb0b18a21c709c53b8b38
r_subdomain,Domain_956276e965bb4cfa39a6c38064c8356b01924ab0ed7c615981a3eb9975196607,Domain_561fb541884b2dbbd27e9e2fe41721528769aeab2c06291a55a00ad962bf5209
r_dns_a,Domain_17cd470816fa421a838a02d05d604180f669de2e7e9064e51985cc09d9a006b5,IP_535df556e6de9f1c2aa13dfc13644ec36ea3ed3f45edb0b18a21c709c53b8b38
r_subdomain,Domain_17cd470816fa421a838a02d05d604180f669de2e7e9064e51985cc09d9a006b5,Domain_0d41110e92a8b3076259b099a7a09a7f6afbbf123d1299f21c5902c9af2a0bb0
r_dns_a,Domain_af0e619bca4239b4f77e1091fb149cd10946b132724c8d32976b56b3a883cc4a,IP_535df556e6de9f1c2aa13dfc13644ec36ea3ed3f45edb0b18a21c709c53b8b38
r_subdomain,Domain_af0e619bca4239b4f77e1091fb149cd10946b132724c8d32976b56b3a883cc4a,Domain_3b9170b839331b7b7279ebee2da9dbe14e587517bdd385c960dd0907ac2af08f
r_dns_a,Domain_4e444ba5ee4090e7d6a8a3ebc25af0695e3e038b43e05ebd2bae6d525570f24b,IP_535df556e6de9f1c2aa13dfc13644ec36ea3ed3f45edb0b18a21c709c53b8b38
r_subdomain,Domain_4e444ba5ee4090e7d6a8a3ebc25af0695e3e038b43e05ebd2bae6d525570f24b,Domain_fc17f38eab7534c86de6fab5bc423634d4a2eb8b72d02f9dafaea936684692c4
r_dns_a,Domain_467ba3d9b4e173ab03f9a05cd11cccb73a31bfb1cbbaa02d18226b2b4ce83a47,IP_535df556e6de9f1c2aa13dfc13644ec36ea3ed3f45edb0b18a21c709c53b8b38
r_subdomain,Domain_467ba3d9b4e173ab03f9a05cd11cccb73a31bfb1cbbaa02d18226b2b4ce83a47,Domain_2dfdadaec39b13b78b160748499ece0b6791a3d1dac4a1a513076103e95f5015
r_dns_a,Domain_d6edea5155c259996961236d73a3973165552a4578dfd5c261bf494a5bf1ac2e,IP_535df556e6de9f1c2aa13dfc13644ec36ea3ed3f45edb0b18a21c709c53b8b38
r_subdomain,Domain_d6edea5155c259996961236d73a3973165552a4578dfd5c261bf494a5bf1ac2e,Domain_ef3e572f856db25f89ef585e9bd0a94d772ff74fda670a8d6260fe53d8e328d7
r_dns_a,Domain_dcf10881f2d5b334854ad2da3271a1c221729b346d32470e253931208d83453d,IP_535df556e6de9f1c2aa13dfc13644ec36ea3ed3f45edb0b18a21c709c53b8b38
r_subdomain,Domain_dcf10881f2d5b334854ad2da3271a1c221729b346d32470e253931208d83453d,Domain_449612f0e6a17215dc730683ac0b6f016470a53433e92eb633ddf82901920b26
r_dns_a,Domain_a0db8d91a0509cfdbc62a7b28480f3a14bc0fa1299b3a2e4bcd77392a27ba82e,IP_535df556e6de9f1c2aa13dfc13644ec36ea3ed3f45edb0b18a21c709c53b8b38
r_subdomain,Domain_a0db8d91a0509cfdbc62a7b28480f3a14bc0fa1299b3a2e4bcd77392a27ba82e,Domain_813d8542fa68389a7941fee6ed79aaf2f4283549d1f55890f05d14e07162e3b2
r_dns_a,Domain_73758f3619b4c498b2e4d44041fcaba30ea117bcd2b753e29cb5fa3da682162c,IP_535df556e6de9f1c2aa13dfc13644ec36ea3ed3f45edb0b18a21c709c53b8b38
r_subdomain,Domain_73758f3619b4c498b2e4d44041fcaba30ea117bcd2b753e29cb5fa3da682162c,Domain_57ff59aee5844ab84adf5f21654143f0415c2fa63918349b9f13316cf085571f
r_dns_a,Domain_5c2d27d7e87139f2c25bc97cccd1d882b5b7d3ca07c9d726fe7ad5bfd44ba99e,IP_535df556e6de9f1c2aa13dfc13644ec36ea3ed3f45edb0b18a21c709c53b8b38
r_subdomain,Domain_5c2d27d7e87139f2c25bc97cccd1d882b5b7d3ca07c9d726fe7ad5bfd44ba99e,Domain_b5b902f759924088c7cfca7b63908aef3bd74aa5c071be1250106e6b0e7fb3cf
r_dns_a,Domain_d885ebfbfe2cd83dbf22586701b34e7967efe9b389cdf39ac5aa3c7ad0d58cee,IP_535df556e6de9f1c2aa13dfc13644ec36ea3ed3f45edb0b18a21c709c53b8b38
r_subdomain,Domain_d885ebfbfe2cd83dbf22586701b34e7967efe9b389cdf39ac5aa3c7ad0d58cee,Domain_78f3ac7b73452b400b6b3defdc7a7870d3e24f3fc4621cbf639369e2b0e60780
r_dns_a,Domain_a44d007ea298581c79494cd6ef3ea11bcbfa51adb5ded575a93e48f544c73e94,IP_535df556e6de9f1c2aa13dfc13644ec36ea3ed3f45edb0b18a21c709c53b8b38
r_subdomain,Domain_a44d007ea298581c79494cd6ef3ea11bcbfa51adb5ded575a93e48f544c73e94,Domain_4d64d4c492b31005d7bc8772d81945cfc8dc554209bf14ddb362ad8cf627f9be
r_dns_a,Domain_d09d154694787357b12d14651b6f26fe9def81a6cc67b26b1c6f585fad420a89,IP_535df556e6de9f1c2aa13dfc13644ec36ea3ed3f45edb0b18a21c709c53b8b38
r_subdomain,Domain_d09d154694787357b12d14651b6f26fe9def81a6cc67b26b1c6f585fad420a89,Domain_de868c4ac29c33104f087d4225aa5ba294de9273805b54bf958cdc9eec53a67e
r_dns_a,Domain_e368d9bb175c47839e298a8638049099e985326cc49a84cbddeb20bd45d40656,IP_535df556e6de9f1c2aa13dfc13644ec36ea3ed3f45edb0b18a21c709c53b8b38
r_subdomain,Domain_e368d9bb175c47839e298a8638049099e985326cc49a84cbddeb20bd45d40656,Domain_88737627b36a7ca6c3ded8054ae03126bbbc5a31574200c4ae2961ec07b48cc0
r_dns_a,Domain_87f5c1d585def940dea0f8cccf156576e2f544802f82642627870d4c1ab41ae0,IP_535df556e6de9f1c2aa13dfc13644ec36ea3ed3f45edb0b18a21c709c53b8b38
r_subdomain,Domain_87f5c1d585def940dea0f8cccf156576e2f544802f82642627870d4c1ab41ae0,Domain_03d57838826904bbede386906e7db9df2f773cfe224e38f9125061a59d14f39b
r_dns_a,Domain_b12d2b0173ca4ad5fc069d3ec0547391a035682ddd65e00f90861040e74f9e07,IP_535df556e6de9f1c2aa13dfc13644ec36ea3ed3f45edb0b18a21c709c53b8b38
r_subdomain,Domain_b12d2b0173ca4ad5fc069d3ec0547391a035682ddd65e00f90861040e74f9e07,Domain_5b573ebb01d4f25b4c7ade352b10fbaff6b2e8b3bf714a918e532fe50aa8727f
r_dns_a,Domain_ce03648bfc22ff82dffe4357e1342e34cc27f839d2b6abe7290b5a0c83bb5457,IP_535df556e6de9f1c2aa13dfc13644ec36ea3ed3f45edb0b18a21c709c53b8b38
r_subdomain,Domain_ce03648bfc22ff82dffe4357e1342e34cc27f839d2b6abe7290b5a0c83bb5457,Domain_7c275ecd0155ea36214f2adafe9e008dc581af42b0121a594fce70efa3840713
r_dns_a,Domain_7c0f24c110bb5b39e7e1c8d0946242930e1ad2fd6db9a8e0915f521d0d20711b,IP_535df556e6de9f1c2aa13dfc13644ec36ea3ed3f45edb0b18a21c709c53b8b38
r_subdomain,Domain_7c0f24c110bb5b39e7e1c8d0946242930e1ad2fd6db9a8e0915f521d0d20711b,Domain_29eafc911ca153051d9474637c541b6e6636feca5c271573a65fb4b934cd5ed4
r_dns_a,Domain_ca96917a1e907ceb32ab4a387668ef57afc23b7d10194ccdf0a1b6b4cd2fd8ac,IP_535df556e6de9f1c2aa13dfc13644ec36ea3ed3f45edb0b18a21c709c53b8b38
r_subdomain,Domain_ca96917a1e907ceb32ab4a387668ef57afc23b7d10194ccdf0a1b6b4cd2fd8ac,Domain_c3f4180b6759e91276c20d4f3e8edd493907913a7f24b2ca521b3ebc8f1970ee
r_dns_a,Domain_8494c16dbee3278acf6662e051e9ee905b73741c00f00627e8f4a77b78bfbcfe,IP_535df556e6de9f1c2aa13dfc13644ec36ea3ed3f45edb0b18a21c709c53b8b38
r_subdomain,Domain_8494c16dbee3278acf6662e051e9ee905b73741c00f00627e8f4a77b78bfbcfe,Domain_d9ef79514f50f2e94420a9e77fcbd34c534dc47252497e3bfe4707eeba55bfec
r_dns_a,Domain_e12eed0bd4f89ca93ebfb52e1381bc3b699b311051f5f175017783781302dac3,IP_535df556e6de9f1c2aa13dfc13644ec36ea3ed3f45edb0b18a21c709c53b8b38
r_subdomain,Domain_e12eed0bd4f89ca93ebfb52e1381bc3b699b311051f5f175017783781302dac3,Domain_317387d939723a014228636868aaefaa39b71d7646e6555b6ebac92992ba09c2
r_dns_a,Domain_b20c90af97f66eff4b2c1808557c447c84faf67f1c0da7cf67e59edd9036416a,IP_535df556e6de9f1c2aa13dfc13644ec36ea3ed3f45edb0b18a21c709c53b8b38
r_subdomain,Domain_b20c90af97f66eff4b2c1808557c447c84faf67f1c0da7cf67e59edd9036416a,Domain_352906f177dd146c2226ffd0c7ef327f85dadcf7a84ac7fa606fbbe488c310a2
r_dns_a,Domain_e0b366295cf2b671cf4c69fed636088ecf9b0af597371de8fe1c2b84f582a72d,IP_535df556e6de9f1c2aa13dfc13644ec36ea3ed3f45edb0b18a21c709c53b8b38
r_subdomain,Domain_e0b366295cf2b671cf4c69fed636088ecf9b0af597371de8fe1c2b84f582a72d,Domain_32d60ae7801ec51a1d723a459c20ba1e1d6ac59c4cfe3126edb557751c0666ee
r_dns_a,Domain_e140e05167c9b562296be784fa2e4855094e31109722936f775fe7b696cfcdd5,IP_535df556e6de9f1c2aa13dfc13644ec36ea3ed3f45edb0b18a21c709c53b8b38
r_subdomain,Domain_e140e05167c9b562296be784fa2e4855094e31109722936f775fe7b696cfcdd5,Domain_05a8c87de4cd4fda024f601c75798072c8b48f8104e64c560229d51c0d9048a0
r_dns_a,Domain_ab5da8eff5938d1ebf3142ac8df4ed25a015935c872b442f428a496bd621da08,IP_535df556e6de9f1c2aa13dfc13644ec36ea3ed3f45edb0b18a21c709c53b8b38
r_subdomain,Domain_ab5da8eff5938d1ebf3142ac8df4ed25a015935c872b442f428a496bd621da08,Domain_1ce77f3e9891819220c4dcec74d9b69a9a913ab0f60ce04bcaac394c5ce77196
r_dns_a,Domain_3e125176cdbd6f2f06a6ede7a0e9fd671f336845a4ebb0a3cb8dc20ad823f1a9,IP_535df556e6de9f1c2aa13dfc13644ec36ea3ed3f45edb0b18a21c709c53b8b38
r_subdomain,Domain_3e125176cdbd6f2f06a6ede7a0e9fd671f336845a4ebb0a3cb8dc20ad823f1a9,Domain_729c319e70e3801843cbefc71c5fe52fb9a9db33c36d1f2dda800083c93c3370
r_dns_a,Domain_256778d84138b604efcc7cb096cfae07ec780f51d32101fab1df3178c2a5218e,IP_535df556e6de9f1c2aa13dfc13644ec36ea3ed3f45edb0b18a21c709c53b8b38
r_subdomain,Domain_256778d84138b604efcc7cb096cfae07ec780f51d32101fab1df3178c2a5218e,Domain_5e3ab89f2af28f2f20b5b4bb99d88f6d9e57ac42b1afb68d25f233012e3f13a4
r_dns_a,Domain_987f6e907286c7563f5cd0d202a48885f76fd5fe710b514ff5d0c425cec7fe04,IP_535df556e6de9f1c2aa13dfc13644ec36ea3ed3f45edb0b18a21c709c53b8b38
r_dns_a,Domain_bcc842bf6ffab4ce1463585563c0917639e79af29b35a86efb5dd7c990a353f1,IP_535df556e6de9f1c2aa13dfc13644ec36ea3ed3f45edb0b18a21c709c53b8b38
r_subdomain,Domain_bcc842bf6ffab4ce1463585563c0917639e79af29b35a86efb5dd7c990a353f1,Domain_77383303f1e06f786c62b3ab4cc1c0a9ba55b1cc51ef10518c685ef7b7dddbd2
r_dns_a,Domain_21fa4b857ab5267c44de261bcbc258738c7dbe192419860cdcc6197cf694a684,IP_535df556e6de9f1c2aa13dfc13644ec36ea3ed3f45edb0b18a21c709c53b8b38
r_subdomain,Domain_21fa4b857ab5267c44de261bcbc258738c7dbe192419860cdcc6197cf694a684,Domain_b2a010309c4c97f7a42023a1841aba0262ee537c3c8ffe4cc72064552508c38b
r_dns_a,Domain_9a1d5f2719233781088e0f4d3d8005dc418fb90a9305bb1cecec7ae6556a2780,IP_535df556e6de9f1c2aa13dfc13644ec36ea3ed3f45edb0b18a21c709c53b8b38
r_dns_a,Domain_dbc3a0e238a2818946b8e15bb8235694e442ab04244be256aaa7350bedc1be50,IP_535df556e6de9f1c2aa13dfc13644ec36ea3ed3f45edb0b18a21c709c53b8b38
r_dns_a,Domain_c14d19998db78f1d0871942e4dbc87e2171babb470bf30fbd919ecd1d1ae3b98,IP_535df556e6de9f1c2aa13dfc13644ec36ea3ed3f45edb0b18a21c709c53b8b38
r_subdomain,Domain_c14d19998db78f1d0871942e4dbc87e2171babb470bf30fbd919ecd1d1ae3b98,Domain_9cd4ed7da274e95d88764ba60a249aca08aa0adb33088e0c31e9b08dbe5ce97a
r_dns_a,Domain_ab8b17cc285a6b335c5adad18ab26d5e80b72c1f2c50969aaea5d9368c97fbcb,IP_535df556e6de9f1c2aa13dfc13644ec36ea3ed3f45edb0b18a21c709c53b8b38
r_subdomain,Domain_ab8b17cc285a6b335c5adad18ab26d5e80b72c1f2c50969aaea5d9368c97fbcb,Domain_7537b5ff8c0779b9649e5c4641199996eae91baca2dcbbbb32d14a2174175c8a
r_dns_a,Domain_29d3605761905cae1c07bf9f0e15a2ebc57d7d3ad3dcbe0b53aacf9995f99654,IP_535df556e6de9f1c2aa13dfc13644ec36ea3ed3f45edb0b18a21c709c53b8b38
r_subdomain,Domain_29d3605761905cae1c07bf9f0e15a2ebc57d7d3ad3dcbe0b53aacf9995f99654,Domain_0ab693d16c284e0b13acf568f49f628b5b77d4f6dc24e21f69ce88f68f695eda
r_dns_a,Domain_e188561669023eb311abcb9b8b9e40b508feab81eda576466ab81f845dada06f,IP_535df556e6de9f1c2aa13dfc13644ec36ea3ed3f45edb0b18a21c709c53b8b38
r_subdomain,Domain_e188561669023eb311abcb9b8b9e40b508feab81eda576466ab81f845dada06f,Domain_a792c84c1ebfbbf9e7ffd49f457af4a8f3eaa1a59029a85b563bcdad683693d0
r_dns_a,Domain_540f1cb8d8ee560e47b27481bd5878bd8d2bb042a9857bc288f4ab94b7b60079,IP_535df556e6de9f1c2aa13dfc13644ec36ea3ed3f45edb0b18a21c709c53b8b38
r_subdomain,Domain_540f1cb8d8ee560e47b27481bd5878bd8d2bb042a9857bc288f4ab94b7b60079,Domain_512e787bc73fc2f8efc4ccda1870413bd00b816c4503a4fef6ea4bdc5f15c2f6
r_dns_a,Domain_d4840aab3bb00c99152f1d947a1a22a6525c4b1c383a6e9335df8056c330ce24,IP_535df556e6de9f1c2aa13dfc13644ec36ea3ed3f45edb0b18a21c709c53b8b38
r_subdomain,Domain_d4840aab3bb00c99152f1d947a1a22a6525c4b1c383a6e9335df8056c330ce24,Domain_40ff1aaa0d06a50d33e0e4cc44a08930c90d79799bf1fd818a009eef9dcefdac
r_dns_a,Domain_72c53002041c9538ed3a1ab14354a703b53a455e5a528faff4dfec0f4c9373dd,IP_535df556e6de9f1c2aa13dfc13644ec36ea3ed3f45edb0b18a21c709c53b8b38
r_subdomain,Domain_72c53002041c9538ed3a1ab14354a703b53a455e5a528faff4dfec0f4c9373dd,Domain_6aac9400c4521ae6152ae697179bb38121104515e300300cf2bed2f173db17ca
r_dns_a,Domain_b44085a474469e0a528c46dd5cb6695cfb88357f0945e69488fb16f56ce1497c,IP_535df556e6de9f1c2aa13dfc13644ec36ea3ed3f45edb0b18a21c709c53b8b38
r_subdomain,Domain_b44085a474469e0a528c46dd5cb6695cfb88357f0945e69488fb16f56ce1497c,Domain_720747d7d3e8375ca235e9661cd06d2c77d8df86911019b342997bd56babe69f
r_dns_a,Domain_d4f4c1fc81b9420082a98f006b74b15bf02870b46fd47f32327b4be528d13b29,IP_535df556e6de9f1c2aa13dfc13644ec36ea3ed3f45edb0b18a21c709c53b8b38
r_subdomain,Domain_d4f4c1fc81b9420082a98f006b74b15bf02870b46fd47f32327b4be528d13b29,Domain_4e0461ecfc0772fa726968cc97283739be5ee136dbfece36a5247995c0cfb032
r_dns_a,Domain_651e53dbc2d337086a33520d0b345949627e421c62cdb230031882f6a31d6306,IP_535df556e6de9f1c2aa13dfc13644ec36ea3ed3f45edb0b18a21c709c53b8b38
r_dns_a,Domain_07201276949115726c85a13d3202231bca6a0c43cdc5b2ef115b47d1a382f653,IP_535df556e6de9f1c2aa13dfc13644ec36ea3ed3f45edb0b18a21c709c53b8b38
r_subdomain,Domain_07201276949115726c85a13d3202231bca6a0c43cdc5b2ef115b47d1a382f653,Domain_8de024b2097367c5d7a969dccef62ca1b7f28043ad0c0a0679dca7ab211c89bb
r_dns_a,Domain_2693df3bc820c9c9339e48881009bf36f894edb03580278f52147bde5d9f5120,IP_535df556e6de9f1c2aa13dfc13644ec36ea3ed3f45edb0b18a21c709c53b8b38
r_subdomain,Domain_2693df3bc820c9c9339e48881009bf36f894edb03580278f52147bde5d9f5120,Domain_ba22876fd1d07eec79f8f410d5f0af08e19f45500c99d271b658fd574920894b
r_dns_a,Domain_890429161e4791d2e3570f8d50785079c9fe4142eab6c1137309d0b901eb5e9b,IP_535df556e6de9f1c2aa13dfc13644ec36ea3ed3f45edb0b18a21c709c53b8b38
r_subdomain,Domain_890429161e4791d2e3570f8d50785079c9fe4142eab6c1137309d0b901eb5e9b,Domain_d0fae8177eba9af6222d77bc95bcd9f9e056801e2090461b6249b3abe77d556a
r_dns_a,Domain_8b9b925214cac99e40a9e0078475cbd2101d212cf568af25a5fbf7b88f115423,IP_535df556e6de9f1c2aa13dfc13644ec36ea3ed3f45edb0b18a21c709c53b8b38
r_subdomain,Domain_8b9b925214cac99e40a9e0078475cbd2101d212cf568af25a5fbf7b88f115423,Domain_aa159f4ee1ec58b0e0ddae690d722c2e648d50907e0cd53e33e2831d0ca51abf
r_dns_a,Domain_0ed4a646662887ecca1940f07a1ff3f70f8a04c65318ff65f191bfe1158e63cb,IP_535df556e6de9f1c2aa13dfc13644ec36ea3ed3f45edb0b18a21c709c53b8b38
r_subdomain,Domain_0ed4a646662887ecca1940f07a1ff3f70f8a04c65318ff65f191bfe1158e63cb,Domain_3a76748fba2b10adcbf569b7662d9b20d17e5ed69f1fdba7395d039fe0a1bb9f
r_dns_a,Domain_0e19f65fb1b86bf461bae36e9972049cec062b593f4150d789047978768f0b41,IP_535df556e6de9f1c2aa13dfc13644ec36ea3ed3f45edb0b18a21c709c53b8b38
r_subdomain,Domain_0e19f65fb1b86bf461bae36e9972049cec062b593f4150d789047978768f0b41,Domain_fdbebc073150fad5a02d3d0325e09b45e6d89ad80ceb84bef5184813b8b693b0
r_dns_a,Domain_ad9e9216b627a34741fc7507e9eccd7777934b2074e6d3aead6b4c3879aaa854,IP_535df556e6de9f1c2aa13dfc13644ec36ea3ed3f45edb0b18a21c709c53b8b38
r_subdomain,Domain_ad9e9216b627a34741fc7507e9eccd7777934b2074e6d3aead6b4c3879aaa854,Domain_5353764de88a45e48a08a4cda22c13012cee71efaba20ea589eb04fae1f0e733
r_dns_a,Domain_18a5e6468976ddde99a3f913dcb6c1110fc6dc63eb373553cd537165e711beac,IP_535df556e6de9f1c2aa13dfc13644ec36ea3ed3f45edb0b18a21c709c53b8b38
r_subdomain,Domain_18a5e6468976ddde99a3f913dcb6c1110fc6dc63eb373553cd537165e711beac,Domain_cb7a24d5e7574cd3134230f1c519fe5e7d496dde0ba519d5b30b50b8e34632d1
r_dns_a,Domain_ef262b82929d2b8135f340e59f4a8544b4999a2b09cfe6182b7883fbf1bf19b9,IP_535df556e6de9f1c2aa13dfc13644ec36ea3ed3f45edb0b18a21c709c53b8b38
r_subdomain,Domain_ef262b82929d2b8135f340e59f4a8544b4999a2b09cfe6182b7883fbf1bf19b9,Domain_6768971bba1491b50f9e097c3a11feb1d775b54ad317a3885571ab87d6aee0fe
r_dns_a,Domain_491a62b816f73220293b6de8563227611429fb7d103017d39d447f2ad010131f,IP_535df556e6de9f1c2aa13dfc13644ec36ea3ed3f45edb0b18a21c709c53b8b38
r_subdomain,Domain_491a62b816f73220293b6de8563227611429fb7d103017d39d447f2ad010131f,Domain_6d8b6a879899b5ed6381d1edf6e6daac78b81cb435688b74c8ad753f3c2a6813
r_subdomain,Domain_491a62b816f73220293b6de8563227611429fb7d103017d39d447f2ad010131f,Domain_c1144e4ff81e83d0b3a8b4df5f4064af451d723aaf4c39fd8533d2369026b82f
r_subdomain,Domain_491a62b816f73220293b6de8563227611429fb7d103017d39d447f2ad010131f,Domain_42df212ecf1d5b48fbaead0a6e24d77cdd185780a65da426ac1198e628468f01
r_subdomain,Domain_491a62b816f73220293b6de8563227611429fb7d103017d39d447f2ad010131f,Domain_b03220620778115feb00b4f252d13291ac3f084c0c39572326701b888b301702
r_subdomain,Domain_491a62b816f73220293b6de8563227611429fb7d103017d39d447f2ad010131f,Domain_1e76662f2c7cf8d115bfe47fc74394159c35f6764f5bb1f1c171b045d6ef647f
r_subdomain,Domain_491a62b816f73220293b6de8563227611429fb7d103017d39d447f2ad010131f,Domain_a6c91ccbdeb783c62f91211bb217ef4334640fa1d4c823c130ef032a99e56ad0
r_subdomain,Domain_491a62b816f73220293b6de8563227611429fb7d103017d39d447f2ad010131f,Domain_58f28d5d48b48afbda0cbf086700c329d1243ddbeada040cdd7cb42b668412fb
r_subdomain,Domain_491a62b816f73220293b6de8563227611429fb7d103017d39d447f2ad010131f,Domain_ffc3a9b24a1362b99381624a9c96052f7ecbfba5238c6adae1db0af0a42b34fc
r_subdomain,Domain_491a62b816f73220293b6de8563227611429fb7d103017d39d447f2ad010131f,Domain_8f11cec6c6da8eff404e39f1eea8d464eec2822fa7b113c38716adba17193568
r_subdomain,Domain_491a62b816f73220293b6de8563227611429fb7d103017d39d447f2ad010131f,Domain_34fa4482192d08c44edd34f1eb1e95e3e2c98e0e96f4b84e3ff4a2e2f190b5de
r_subdomain,Domain_491a62b816f73220293b6de8563227611429fb7d103017d39d447f2ad010131f,Domain_aea8576b8df08fe45fea3d5f07ad1253d0c2fea05878451dda77de34cf587d38
r_subdomain,Domain_491a62b816f73220293b6de8563227611429fb7d103017d39d447f2ad010131f,Domain_135b6cda2201339ac6cfb58daa82b7cc1eb18c9587404782428d5f4b83bcefc8
r_subdomain,Domain_491a62b816f73220293b6de8563227611429fb7d103017d39d447f2ad010131f,Domain_1a35a715428de498ead3ef01cc7690cea73f6c47cbb50ac724efe81673ca6a3e
r_subdomain,Domain_491a62b816f73220293b6de8563227611429fb7d103017d39d447f2ad010131f,Domain_0b9ee5d879dfd1684a3f9cf2be6d67606c1592e1312c405da4db748fad02a248
r_subdomain,Domain_491a62b816f73220293b6de8563227611429fb7d103017d39d447f2ad010131f,Domain_ed4dbcee4d9665d30f54225cd602d6478fd8a18714cbc40bdc6508be44cf45c7
r_subdomain,Domain_491a62b816f73220293b6de8563227611429fb7d103017d39d447f2ad010131f,Domain_145c52a9e6ebed00b576bc82e512b3faebe67afedfad0f73807f5c14f5fae229
r_subdomain,Domain_491a62b816f73220293b6de8563227611429fb7d103017d39d447f2ad010131f,Domain_ac5adba456dcbe2d592350289badefbe76fc15de9b62fd6d61a2c5c4bb3ad5b4
r_subdomain,Domain_491a62b816f73220293b6de8563227611429fb7d103017d39d447f2ad010131f,Domain_15c53b87158c4811c7f0b9fa7d64508e8131a8a08f4069db69a0bb29dfb003ed
r_subdomain,Domain_491a62b816f73220293b6de8563227611429fb7d103017d39d447f2ad010131f,Domain_e18e322c6ed8362fb9bb7e6e64f5fae8c452d90157d92ee4ec9925e29e5851bc
r_subdomain,Domain_491a62b816f73220293b6de8563227611429fb7d103017d39d447f2ad010131f,Domain_d4580502a2dc785f4979fa8e7a7d7b6e3b98ddaa59d9704fdc280cead4562818
r_subdomain,Domain_491a62b816f73220293b6de8563227611429fb7d103017d39d447f2ad010131f,Domain_0b29c0e7b98aaeb2d30b151304ce8a853c9d2535c2150773f2abf077499d3706
r_subdomain,Domain_491a62b816f73220293b6de8563227611429fb7d103017d39d447f2ad010131f,Domain_95261094d9b643d3d148a1de98de93ac84eee91342b6e4f01ca3102c16360b25
r_subdomain,Domain_491a62b816f73220293b6de8563227611429fb7d103017d39d447f2ad010131f,Domain_343d88c94f49c8cf2297ebb8d69a4a00573574c963cc556f9eb83705b2c95ba8
r_subdomain,Domain_491a62b816f73220293b6de8563227611429fb7d103017d39d447f2ad010131f,Domain_8c551a70147c049e43c8057cba977e5442962c056859a50a99cb2e54dcd030ed
r_subdomain,Domain_491a62b816f73220293b6de8563227611429fb7d103017d39d447f2ad010131f,Domain_41cc652d6f7311334651f582c82a5982178a0e2194903bd47fb9dcfc5c42029b
r_dns_a,Domain_0ee144cde2f6c70c9369b512db758c9b0b1a6aa287ed676c1cc5a441df299ba4,IP_535df556e6de9f1c2aa13dfc13644ec36ea3ed3f45edb0b18a21c709c53b8b38
r_subdomain,Domain_0ee144cde2f6c70c9369b512db758c9b0b1a6aa287ed676c1cc5a441df299ba4,Domain_966f8ee68b98d84a5476a997269aa137f9cb3cf2a1c3976d757a5197c7b564c2
r_dns_a,Domain_89c20dd995056d834df73a48a3249b1b4f675e85ce5fe5a52d82f4b31defba41,IP_535df556e6de9f1c2aa13dfc13644ec36ea3ed3f45edb0b18a21c709c53b8b38
r_subdomain,Domain_89c20dd995056d834df73a48a3249b1b4f675e85ce5fe5a52d82f4b31defba41,Domain_5d610675f6d4c6d7866a2453df93626bf064f19ba7907ca7cd04019d15bd46fa
r_dns_a,Domain_f62aac46d79a2bfd771586590c64f039454e386b67763a8664f272ccaeee6bd1,IP_535df556e6de9f1c2aa13dfc13644ec36ea3ed3f45edb0b18a21c709c53b8b38
r_subdomain,Domain_81c8eef7c28af1e42e42deb0008a1a61bba934266d4f4f6763c08a1a22da91e2,Domain_f62aac46d79a2bfd771586590c64f039454e386b67763a8664f272ccaeee6bd1
r_subdomain,Domain_81c8eef7c28af1e42e42deb0008a1a61bba934266d4f4f6763c08a1a22da91e2,Domain_2266e7ae2b643380547fffe2895c2b6f12e9c304bcc3df71da714978a2be18e2
r_subdomain,Domain_35fcd36336814f8e53bf286b71a215c657c789dce390528d1a35599ebb283f96,Domain_651e53dbc2d337086a33520d0b345949627e421c62cdb230031882f6a31d6306
r_subdomain,Domain_35fcd36336814f8e53bf286b71a215c657c789dce390528d1a35599ebb283f96,Domain_543b71a3f2a07c5f218e18d75edcb189b46cab73b87855856d1449c010af3c8f
r_subdomain,Domain_35fcd36336814f8e53bf286b71a215c657c789dce390528d1a35599ebb283f96,Domain_7085e917c3e473855c0860896a53495272023c7009ebdbd82c5b2a5933fc8c91
r_subdomain,Domain_35fcd36336814f8e53bf286b71a215c657c789dce390528d1a35599ebb283f96,Domain_a4da200e2dd406db0de0f8668875711f88e6765a7933dac2afe9cc5d035777a3
r_subdomain,Domain_35fcd36336814f8e53bf286b71a215c657c789dce390528d1a35599ebb283f96,Domain_e3bb0067583e14698d8ab442b3cb6caf0396a276bad8477fbf4c7a6c2a52dd1b
r_subdomain,Domain_35fcd36336814f8e53bf286b71a215c657c789dce390528d1a35599ebb283f96,Domain_11e54bcc967db10c89af59bf68a6fa24b2754f09f25820a12e28993c64bb052c
r_subdomain,Domain_35fcd36336814f8e53bf286b71a215c657c789dce390528d1a35599ebb283f96,Domain_597466fb03a4adec61a819df08da50bf488f619b67e92bb2705815ecee67febc
r_subdomain,Domain_35fcd36336814f8e53bf286b71a215c657c789dce390528d1a35599ebb283f96,Domain_eaccb3abe7d2767bd5f5a689f9d3641b182d58baf9a228fc932118efd52f0f88
r_subdomain,Domain_35fcd36336814f8e53bf286b71a215c657c789dce390528d1a35599ebb283f96,Domain_8433d964a1f8d74e01349d25869e00d0ff530df0c7438b3d055ccc3639296b6c
r_subdomain,Domain_35fcd36336814f8e53bf286b71a215c657c789dce390528d1a35599ebb283f96,Domain_714e209525383acb16068a9964370f5e7ce6d5738ae8a5920eb870611fd2cd15
r_subdomain,Domain_35fcd36336814f8e53bf286b71a215c657c789dce390528d1a35599ebb283f96,Domain_8a330fd45f0ba7ac8347d6a5f74fc60afb461c45ad3aa678bfc15d1bee428af8
r_subdomain,Domain_35fcd36336814f8e53bf286b71a215c657c789dce390528d1a35599ebb283f96,Domain_587940d46e302a8950e669964ae00f88de789cba2ce1a896a0af83acd1166811
r_subdomain,Domain_35fcd36336814f8e53bf286b71a215c657c789dce390528d1a35599ebb283f96,Domain_d2e01bc02c8de1bdcd5bfd318b99256ab3480aa8010089e00b3d452ea7e90da9
r_subdomain,Domain_35fcd36336814f8e53bf286b71a215c657c789dce390528d1a35599ebb283f96,Domain_2ee36da2a22f3111f78d75333f847843ba4a76b1698962260a4c927e54fc6d44
r_subdomain,Domain_35fcd36336814f8e53bf286b71a215c657c789dce390528d1a35599ebb283f96,Domain_1578e24bd46af833c9c74bee1809b78acecdac937b6436b1f482a2168367b307
r_subdomain,Domain_35fcd36336814f8e53bf286b71a215c657c789dce390528d1a35599ebb283f96,Domain_18e47dbdc358fec29af0d1772fd348c365e76d85323b3ed9f002454a7b277a67
r_subdomain,Domain_35fcd36336814f8e53bf286b71a215c657c789dce390528d1a35599ebb283f96,Domain_81ce0ba5ec0c0237a25d8901ad1cd896683989c5c59b85f42131b184c6e08821
r_subdomain,Domain_35fcd36336814f8e53bf286b71a215c657c789dce390528d1a35599ebb283f96,Domain_176e3432268f059de8f3fbf83df3c629051eb17272c9124cb4c06d8c8e909471
r_subdomain,Domain_35fcd36336814f8e53bf286b71a215c657c789dce390528d1a35599ebb283f96,Domain_85ad5068e798af675f109008ab4f2ffb4a9065d3c92dd19c1bf681044e8a312b
r_subdomain,Domain_35fcd36336814f8e53bf286b71a215c657c789dce390528d1a35599ebb283f96,Domain_562e6b940fb529bd7e5a14ab5ec20b10b69556b47a5730451978b63d0873cc34
r_subdomain,Domain_35fcd36336814f8e53bf286b71a215c657c789dce390528d1a35599ebb283f96,Domain_7c4dc856560bc35b450a02c7e09de47a3bb1c8d8b261bca28c28fdf4ff78f805
r_subdomain,Domain_35fcd36336814f8e53bf286b71a215c657c789dce390528d1a35599ebb283f96,Domain_c989ef7e4de46f4635ab4a19c444ddcedb11e2e870b48b6d508872a0bf8b4d14
r_subdomain,Domain_35fcd36336814f8e53bf286b71a215c657c789dce390528d1a35599ebb283f96,Domain_2617c449ae6f0f77cdea745e4712590e97cd179f8dcc5164d85d0f860d485860
r_subdomain,Domain_35fcd36336814f8e53bf286b71a215c657c789dce390528d1a35599ebb283f96,Domain_7792be3ec8b6f8ae1a7caec6fb5060e7d24cb89add72cfc56c0ad59fef089733
r_subdomain,Domain_35fcd36336814f8e53bf286b71a215c657c789dce390528d1a35599ebb283f96,Domain_1c69d71ebece146f0c0266c47339c9cfb88aaff80620f67ada71fbf7e732974c
r_subdomain,Domain_35fcd36336814f8e53bf286b71a215c657c789dce390528d1a35599ebb283f96,Domain_acbae5e21f6033fa64a04a19dc6489cfd9faaed31674da0c3ca8ce7db28b10d4
r_subdomain,Domain_35fcd36336814f8e53bf286b71a215c657c789dce390528d1a35599ebb283f96,Domain_00684206295b1c2c47f697c112b5138c2ea45578ff8a329d33a112c0e747ba94
r_subdomain,Domain_35fcd36336814f8e53bf286b71a215c657c789dce390528d1a35599ebb283f96,Domain_431815f3a1bda1a3de50ee5424433e55b61809a91b808fd8572363811dd6f35e
r_subdomain,Domain_35fcd36336814f8e53bf286b71a215c657c789dce390528d1a35599ebb283f96,Domain_3ecadec913c69f2a6243da3eb5fe23ee0957a9606148e48f31e26c659f708d2f
r_subdomain,Domain_35fcd36336814f8e53bf286b71a215c657c789dce390528d1a35599ebb283f96,Domain_acc6bd992c33f8fec91a1bf8c713ad1c9b576f564a67677a9644ae8e264d1ef4
r_subdomain,Domain_35fcd36336814f8e53bf286b71a215c657c789dce390528d1a35599ebb283f96,Domain_c83505152cac31c15e31a9845a7a1620b12f4cdfa39ad8b3756c204f69a9925a
r_subdomain,Domain_35fcd36336814f8e53bf286b71a215c657c789dce390528d1a35599ebb283f96,Domain_2045e684c3ba32ae1165cca0166b0ead7d85d028b81f8d92cc3b1b82ffde4677
r_subdomain,Domain_35fcd36336814f8e53bf286b71a215c657c789dce390528d1a35599ebb283f96,Domain_074b92768faf78d556c134b9f08bee53e98903247168650b6f425103211fa189
r_subdomain,Domain_35fcd36336814f8e53bf286b71a215c657c789dce390528d1a35599ebb283f96,Domain_e202c85b0629e75bb662c303bb39ae278227412a68b86825b35f3db8d36946eb
r_subdomain,Domain_35fcd36336814f8e53bf286b71a215c657c789dce390528d1a35599ebb283f96,Domain_4965ddf10b5d602fa3efd2481d40a40321e3c69a01b214fc7b0151c996b10d8c
r_subdomain,Domain_35fcd36336814f8e53bf286b71a215c657c789dce390528d1a35599ebb283f96,Domain_a7187782cc4f72988543220d3dd8641951a8bcc7781581053e9645f34da7a572
r_subdomain,Domain_35fcd36336814f8e53bf286b71a215c657c789dce390528d1a35599ebb283f96,Domain_0bdadf38a86b75fdb4e5a26c22564541210dfecf7e695ee778b9aa2642d7a159
r_subdomain,Domain_35fcd36336814f8e53bf286b71a215c657c789dce390528d1a35599ebb283f96,Domain_b58f206402687971fc964d040c72714fd208deb29f5c2941ff890ab93dc5a431
r_subdomain,Domain_35fcd36336814f8e53bf286b71a215c657c789dce390528d1a35599ebb283f96,Domain_72611003730e57214e6ab44bc51bdcd6f10163096d667ea89d5ae4318ce48cc2
r_subdomain,Domain_35fcd36336814f8e53bf286b71a215c657c789dce390528d1a35599ebb283f96,Domain_853f1afdc124de46e74cc89b8162c31b59d8403753050550a5cfd0ff85bb2426
r_subdomain,Domain_35fcd36336814f8e53bf286b71a215c657c789dce390528d1a35599ebb283f96,Domain_ccc6b71561c9c336c3a6c0a842d86f517159d1b47f18dc8e8c1d9374b573232b
r_subdomain,Domain_35fcd36336814f8e53bf286b71a215c657c789dce390528d1a35599ebb283f96,Domain_b89fb930312762e74b0ad3006b9ff393c5b271a3b1f0544c9b0ec5d7f315dbaa
r_subdomain,Domain_35fcd36336814f8e53bf286b71a215c657c789dce390528d1a35599ebb283f96,Domain_922bb0fdb234b8266c334480ea11ddb550f825789aea55576a95c52835a16bca
r_subdomain,Domain_35fcd36336814f8e53bf286b71a215c657c789dce390528d1a35599ebb283f96,Domain_898ba8d9b214ddc5275a5f4146ef9251c05f12dc75b2d610f399519b721c8c68
r_subdomain,Domain_35fcd36336814f8e53bf286b71a215c657c789dce390528d1a35599ebb283f96,Domain_0b826e4479713182ca0e1c5a1f1c8030909f2d57e883d253475ddcf54a079882
r_subdomain,Domain_35fcd36336814f8e53bf286b71a215c657c789dce390528d1a35599ebb283f96,Domain_ed7068262de380e0f5a6393dfc929d43e45e1205687c4576fad6fe8d13da7651
r_subdomain,Domain_35fcd36336814f8e53bf286b71a215c657c789dce390528d1a35599ebb283f96,Domain_7ea488a041854b34c080af00731093d32a9c5d304646ceae3475da7f6faf9400
r_subdomain,Domain_35fcd36336814f8e53bf286b71a215c657c789dce390528d1a35599ebb283f96,Domain_d10c94767f96cb71cdbc63000e8c8dde14844ccb74db8ec4fb4140b7f5302914
r_subdomain,Domain_35fcd36336814f8e53bf286b71a215c657c789dce390528d1a35599ebb283f96,Domain_070d943bd08109933e046cde26e4c30a0eefee2b895484614cc4f775ae7b606b
r_subdomain,Domain_35fcd36336814f8e53bf286b71a215c657c789dce390528d1a35599ebb283f96,Domain_9a15b5841075581fb5d88910040397d725532c8eb8e4cd93bf355d7b8f19db13
r_subdomain,Domain_35fcd36336814f8e53bf286b71a215c657c789dce390528d1a35599ebb283f96,Domain_aca51cedd9292eb35b3a5d014b7a35dbc26d94563cb10eebf042c104436a9877
r_subdomain,Domain_35fcd36336814f8e53bf286b71a215c657c789dce390528d1a35599ebb283f96,Domain_5598beebc878ecd31203ba0bcdae20159c7995ebe874ffa1e4034ba8d4eff96a
r_subdomain,Domain_35fcd36336814f8e53bf286b71a215c657c789dce390528d1a35599ebb283f96,Domain_8880bee82d7c321799f97783abf676051debe2b91a13e7c1b7ffa489c7b1b772
r_subdomain,Domain_35fcd36336814f8e53bf286b71a215c657c789dce390528d1a35599ebb283f96,Domain_8ccf35d5d138099660dbbcb19450b4459743b7f2ea2740ba5ce76cb895b9d5e3
r_subdomain,Domain_35fcd36336814f8e53bf286b71a215c657c789dce390528d1a35599ebb283f96,Domain_7c7881f27d062608000a545ba34f82f684d25bd448274e76a2c4ffa9ed774c72
r_subdomain,Domain_35fcd36336814f8e53bf286b71a215c657c789dce390528d1a35599ebb283f96,Domain_e89a0852256bf15c1a30785266b199a98deb47dcacdd216c394e670451fb3da7
r_subdomain,Domain_35fcd36336814f8e53bf286b71a215c657c789dce390528d1a35599ebb283f96,Domain_4f979a328a69615ca894c54d9d3e0ea4faab7936a8140ee567cbeb3fde06e024
r_subdomain,Domain_35fcd36336814f8e53bf286b71a215c657c789dce390528d1a35599ebb283f96,Domain_5d0104bd7b8e63af671a464c9963594b9abf498a114030eae4eb5bbfefbaf842
r_subdomain,Domain_35fcd36336814f8e53bf286b71a215c657c789dce390528d1a35599ebb283f96,Domain_c75866dd03331a9e1801abeee601f789507ccf999fb0072a3dd84140a725508e
r_subdomain,Domain_35fcd36336814f8e53bf286b71a215c657c789dce390528d1a35599ebb283f96,Domain_31c340ccad5600375b34a44bc7eb5eb1747d315b29cf1d64e6dc0c2ca9e84b83
r_subdomain,Domain_35fcd36336814f8e53bf286b71a215c657c789dce390528d1a35599ebb283f96,Domain_a1e2468894dbacbbc5286fa455e385832702e5e52ef575aa244861e932427b32
r_subdomain,Domain_35fcd36336814f8e53bf286b71a215c657c789dce390528d1a35599ebb283f96,Domain_2288b5f72ca5857ea48cc28cd7059c60f1a89c240e52cc46d6d26f7db6bcc526
r_subdomain,Domain_35fcd36336814f8e53bf286b71a215c657c789dce390528d1a35599ebb283f96,Domain_3b7246f2e58df452068a4e4b77e0d99435dfb5a3964cb2ff9296db970f81a9ed
r_subdomain,Domain_35fcd36336814f8e53bf286b71a215c657c789dce390528d1a35599ebb283f96,Domain_f8cfe8a384db47ee5687ae2e3c5e6b4c0f817620e88d46efd45e466fe5efdf33
r_subdomain,Domain_35fcd36336814f8e53bf286b71a215c657c789dce390528d1a35599ebb283f96,Domain_bcc17f14d5ab3f08b56493a5697091ccd017e23fe132fba335aef58b1e2fcc0f
r_subdomain,Domain_35fcd36336814f8e53bf286b71a215c657c789dce390528d1a35599ebb283f96,Domain_df41074be0838cfaa24765e5cfdccd8ebce4b18c933f6a80a6f5f41d66bdd62b
r_subdomain,Domain_35fcd36336814f8e53bf286b71a215c657c789dce390528d1a35599ebb283f96,Domain_90fdf1e9a63a81b4184a218455b1b38504fb9f48d12cff39a91b745d1851774b
r_subdomain,Domain_35fcd36336814f8e53bf286b71a215c657c789dce390528d1a35599ebb283f96,Domain_33e5bfb936caec1edc154343ec1757a7ae1acd943bd7e36a13b3c2ac8424c524
r_subdomain,Domain_35fcd36336814f8e53bf286b71a215c657c789dce390528d1a35599ebb283f96,Domain_31ae2d7195d6bbbd9751396aac87afeeeee7452c6539524d47c1c03e6160667b
r_subdomain,Domain_35fcd36336814f8e53bf286b71a215c657c789dce390528d1a35599ebb283f96,Domain_1c21f2517e840e63027e9350de34ae94ca5d00e1a2d2c93b4ae5b30cf636050f
r_subdomain,Domain_35fcd36336814f8e53bf286b71a215c657c789dce390528d1a35599ebb283f96,Domain_6cf489fcecc4655f3fd5075d0b169e232c08c4b2c1e1d354da275b459b907e5d
r_subdomain,Domain_35fcd36336814f8e53bf286b71a215c657c789dce390528d1a35599ebb283f96,Domain_8ea1b428531cadf79da478e261281a6037751e77b831dc68165ee0e47f8a893d
r_subdomain,Domain_35fcd36336814f8e53bf286b71a215c657c789dce390528d1a35599ebb283f96,Domain_0a91c38864dc61a9f2fdff82ac14357a1949246cdaea409a09109cdb6e76a46e
r_subdomain,Domain_35fcd36336814f8e53bf286b71a215c657c789dce390528d1a35599ebb283f96,Domain_2846199821ae48dc59b17e85a90bc19c5de0f5519e985ec5030f4ea3050d8b4e
r_subdomain,Domain_35fcd36336814f8e53bf286b71a215c657c789dce390528d1a35599ebb283f96,Domain_18c6d00c8ea02680080781ea7f34fc490cf1084c63e548edf703163c7031b912
r_subdomain,Domain_35fcd36336814f8e53bf286b71a215c657c789dce390528d1a35599ebb283f96,Domain_897759fe3c5c5822f0febe11162a80d65a18d42fdb7eb4b5ced150abb657b902
r_subdomain,Domain_35fcd36336814f8e53bf286b71a215c657c789dce390528d1a35599ebb283f96,Domain_e3139682034ea39766c35798e65545e52e191929d0a4ea7a082d279a38316fb0
r_subdomain,Domain_35fcd36336814f8e53bf286b71a215c657c789dce390528d1a35599ebb283f96,Domain_79b9cbb79da287ff427c151a73289fde3b83b7c9a5e04d0826ea43da58d65140
r_subdomain,Domain_35fcd36336814f8e53bf286b71a215c657c789dce390528d1a35599ebb283f96,Domain_6f9bbc718d38f296937331400379cd96a55bffe1166e0c45ca438926d8533442
r_subdomain,Domain_35fcd36336814f8e53bf286b71a215c657c789dce390528d1a35599ebb283f96,Domain_eab37b7f6ed1cac8d40d4befc1ca8092e962a32a173275df031546c448e2d073
r_subdomain,Domain_35fcd36336814f8e53bf286b71a215c657c789dce390528d1a35599ebb283f96,Domain_dfe587e2eb3c1f533499ca1adbce72bf3eccb31f31e59b28fe10a97ecd461d6b
r_subdomain,Domain_35fcd36336814f8e53bf286b71a215c657c789dce390528d1a35599ebb283f96,Domain_7f0e22ecff6c3b14d85a5e01816621490150576669d0b1061528cd3e43210d82
r_subdomain,Domain_35fcd36336814f8e53bf286b71a215c657c789dce390528d1a35599ebb283f96,Domain_c1d50dda1bc27232e277235984e99c32010a050a84fe9e78b8aa55b733b36691
r_subdomain,Domain_35fcd36336814f8e53bf286b71a215c657c789dce390528d1a35599ebb283f96,Domain_8e175fd2f8dbaa9544f4eaf513bc010572213bebb0e45b52924fd7aa0f368c05
r_subdomain,Domain_35fcd36336814f8e53bf286b71a215c657c789dce390528d1a35599ebb283f96,Domain_98495fbdcc6a1eb2260a5969aabd3bb9ef1a1dab0058f5f79887f2596e27416c
r_subdomain,Domain_35fcd36336814f8e53bf286b71a215c657c789dce390528d1a35599ebb283f96,Domain_1ff600e76145f397cccf03b6c5af433ad01018d2e8a8eea20a1c24db41e7df17
r_subdomain,Domain_35fcd36336814f8e53bf286b71a215c657c789dce390528d1a35599ebb283f96,Domain_471a7ba5b85f60569bea9c5d7098c41ed019f36cb2ec62613bfae00d2a251f6d
r_dns_a,Domain_bd9df8f99bc78a3e971930a90bc1135f9b3d0d328ecd71005ecd2ebe6710bf07,IP_535df556e6de9f1c2aa13dfc13644ec36ea3ed3f45edb0b18a21c709c53b8b38
r_dns_a,Domain_d9c6599705c5bd9b8626a129a590f42b160d5dc5f92cb0822f6181575c3b05d2,IP_535df556e6de9f1c2aa13dfc13644ec36ea3ed3f45edb0b18a21c709c53b8b38
r_dns_a,Domain_efabd556471f0e6492ff8f81caefe169b835b42a68466062d5cc06fc00de96b6,IP_535df556e6de9f1c2aa13dfc13644ec36ea3ed3f45edb0b18a21c709c53b8b38
r_dns_a,Domain_b2e82881b4bdfc289c41a5673a5391fad72cb18fc70e32126cb70f587b9a4c99,IP_535df556e6de9f1c2aa13dfc13644ec36ea3ed3f45edb0b18a21c709c53b8b38
r_dns_a,Domain_2ad19b580fa2e0bfbc1959e62b8ba87dcf8e1d846c192d9989d37c5009306dc8,IP_535df556e6de9f1c2aa13dfc13644ec36ea3ed3f45edb0b18a21c709c53b8b38
r_dns_a,Domain_6b0398d7c96f5723da91d26507be20b74c91eb1099830461a05fd6d58230e134,IP_535df556e6de9f1c2aa13dfc13644ec36ea3ed3f45edb0b18a21c709c53b8b38
r_dns_a,Domain_cada1cd554e5df39027f16557a8924e8f51fc04c24d61f7fbbf3a138b4e22437,IP_535df556e6de9f1c2aa13dfc13644ec36ea3ed3f45edb0b18a21c709c53b8b38
r_dns_a,Domain_875c291c5eb182aaff9d210d332a90d02450cff426ffeef87d7f71e8748f5294,IP_535df556e6de9f1c2aa13dfc13644ec36ea3ed3f45edb0b18a21c709c53b8b38
r_dns_a,Domain_b2e7750433451df0d3f3dcf125bda17a54ea07cce3bfbbca16fbfd1c448e76dd,IP_535df556e6de9f1c2aa13dfc13644ec36ea3ed3f45edb0b18a21c709c53b8b38
r_dns_a,Domain_a59bfdf8f8776b713b40a69fd13fe106eee2abf53d7dc46cfd8ccaba3abe1540,IP_535df556e6de9f1c2aa13dfc13644ec36ea3ed3f45edb0b18a21c709c53b8b38
r_subdomain,Domain_d81e60a804c57c04a09f1f52244637594840516d9d113e7a87135f40a172e055,Domain_2ad19b580fa2e0bfbc1959e62b8ba87dcf8e1d846c192d9989d37c5009306dc8
r_subdomain,Domain_71f745679276fd607fff6a6a8a01abb83c10e9a8102128330139d39d51075878,Domain_9a1d5f2719233781088e0f4d3d8005dc418fb90a9305bb1cecec7ae6556a2780
r_subdomain,Domain_4a9ca5965188a69d3f0892ab009146d0f1bec82f0927227117c4bc4fa84f70ce,Domain_987f6e907286c7563f5cd0d202a48885f76fd5fe710b514ff5d0c425cec7fe04
r_subdomain,Domain_3beae81f3f505b4a2e86f6fe1c065d57fce30370453b7e990d906baf44a104d8,Domain_b2e82881b4bdfc289c41a5673a5391fad72cb18fc70e32126cb70f587b9a4c99
