id,name,type,industry
Domain_c58c149eec59bb14b0c102a0f303d4c20366926b5c3206555d2937474124beb9,c58c149eec.com,Domain,[B]
Cert_fe794a69eacd63b21245bf4eda826222fc6c5862bebf77aa05459cb308cfd063,fe794a69ea,Cert,[]
Domain_003d42bc1e5c29a2360747cbed0e65daed63a25f4264cad7a02c9bac8671d4c6,003d42bc1e.com,Domain,[G]
Domain_004cd28acfaa0882b3c9b257ed685f1e690852494e8a823ea4939bdd3fd8e51a,004cd28acf.com,Domain,[B]
Domain_004fbaab550d8d0049831dbd99ba537283d9dd5dfd10d7258eb18ef134ac29f6,004fbaab55.com,Domain,[G]
Domain_005c5874cc8a3fbe2f9ffb8a2f537bd0c46cb83b02b0dca02da69c71d4ca94e1,005c5874cc.com,Domain,[C]
Domain_00e2e2417fe2f9d2d4540bae5f5acc2ec3933877259b9f1474b07735c4096c20,00e2e2417f.com,Domain,[C]
Domain_00e7c3fbe4a574fe3bb08134883cf02442e4c3b40c6864bbc2b8465318a68007,00e7c3fbe4.com,Domain,[G]
Domain_015af14702f8ce021a91e952ab880e3bff3f0f556719c91eed450d2eeaac9d27,015af14702.com,Domain,[B]
Domain_01b985251bee860725a7b64ccfba143dd9cba32fff722fabf5aa76dd509c3e62,01b985251b.com,Domain,[G]
Domain_01e100d81d7ca957125611ea9750a73e4088013339b10af4826c625a3f8c0f91,01e100d81d.com,Domain,[C]
Domain_0218dbf1948398ecf92c2d6f5483d7aa5fd4c7eb4a9725def2774fe1c6f62c17,0218dbf194.com,Domain,[G]
Domain_022129a21b64141b005e0e94e5d5542bb2beeb492fd12aca4b7290f1206b7b82,022129a21b.com,Domain,[G]
Domain_0259515851b7fc2117b3219d66122a404b032fcec06260fbcdcfe8e3cbd0dd26,0259515851.com,Domain,[A]
Domain_02d4e534869a90597072f2a373b7756236d336db10d097550504ee567e75399e,02d4e53486.com,Domain,[B]
Domain_02ecf83282282da3919808ade1ac31e7538b7ad3f2e3dc2297cbfe9149143bfa,02ecf83282.com,Domain,[G]
Domain_03c04b91c88cf677d6fab558c04cb5c5743546c0a5df47500289a6424dc879a8,03c04b91c8.com,Domain,[C]
Domain_03c13a7b91b85b952057b8a700e7a9a81d7b225294233446b5764a2215285514,03c13a7b91.com,Domain,[A]
Domain_03c5b152c9f7acc99602cc585146954c6e6443c81c3a981489f8390e48b2c5fb,03c5b152c9.com,Domain,[C]
Domain_04022dc8a6439004db731b3bee3915aec225da2f8061d8146a738c65fcb5d12b,04022dc8a6.com,Domain,[C]
Domain_0417571ebcb51a955b1544b408c1ad06f444c73683006bc374d4421009db0c56,0417571ebc.com,Domain,"[C,G,A]"
Domain_04500de8e773c5666d1f8833df9319933c4da57cd498882a8f813916d4304e23,04500de8e7.com,Domain,[B]
IP_041e02ffc96980ac7af5ca4e7742939605a9703d8139af0933a6bcc04c99271c,129.227.xxx.xxx,IP,[]
Domain_45f073842db163cbd393b4ff60b50aec77e6d6ee1e77fd4f7b1e561f0f6fd5a5,45f073842d.com,Domain,[A]
Domain_48dfb5878bf2a17f961edfcf3d7cfea17c478898f18c3d84a9c5036502b2adae,48dfb5878b.com,Domain,[A]
Domain_629aaf437572863d73f66496408c98e787e2914685646a383039394127212a94,629aaf4375.com,Domain,[C]
Domain_98fb067cddffd73e8176af005a79794c24d295b33f918593b7256a07cddb8597,98fb067cdd.com,Domain,[C]
Domain_a920ee694b49d90eb5a86e7bdf2427821e70cd6a57c22a656f49b261ce36ca2c,a920ee694b.com,Domain,[C]
Domain_e33fff0ef90f2af3647075642925a9a28620bc456c79e801d1b19970eff73468,e33fff0ef9.com,Domain,[A]
Domain_ecd9ce61c8480187877479f0e4dadc7731cf8e90761a2a2e3958c5d3b75e1e3a,ecd9ce61c8.com,Domain,[C]
IP_0836271bf4f24cf634475a94c0cb69a90b17b533d938de817a4e14b00c8e3a9b,122.114.xxx.xxx,IP,[]
Domain_571a8a03bed71a4722b209f03807fe74c1a908efa7b4ed77417056a324c7b31b,571a8a03be.com,Domain,[G]
Domain_6fd8b38b30ce7947e0f0e4d76e9b1359cf5e33d7c5c5c4538a7ae1caf60f0e77,6fd8b38b30.com,Domain,[G]
Domain_99dc1b90063d5294afe45ce6e4ed78e4c5c18945b52406894b9dd0e4bf09ea89,99dc1b9006.com,Domain,[G]
Domain_b299d895d88c70bd62f09dc5240c2aa7c3abaa1199e2723149794a3b51bf22ea,b299d895d8.com,Domain,[G]
IP_088e1f374e08f589ea11d6962feddf5b7c531bf2f236312772241c580a67229c,129.227.xxx.xxx,IP,[]
Domain_1a6f6960677bb57112cc84bf23378fe6ef4ff5b17d19d0365bad8786d999d0d6,1a6f696067.com,Domain,[B]
Domain_6ac71823c9c285b232f6651045a6a89d13e67675a1c8fce917c9357819013f19,6ac71823c9.com,Domain,[G]
Domain_a8b75de669aa1add9cbb2052c299df6076e97aefc7d0b8b4127723cd652cf35f,a8b75de669.com,Domain,[B]
Domain_dd517a894fcd4de67b0e9018babf557eb913ef9485a6e95cdf4cf11846d74f90,dd517a894f.com,Domain,[G]
Domain_e4ea511876223a155fa0946ea59a6bdc329aae6bc7b3b27474d06dc7265a9e54,e4ea511876.com,Domain,[C]
IP_08d5e9b0930f6830ea651222a37d7f7e0d79c72faa8d1a2edc53bba156bac5d5,122.114.xxx.xxx,IP,[]
Domain_072c1f33ae602451aaa959f734332c742a2783bbbfef915f09e77fd6575cd5da,072c1f33ae.com,Domain,[A]
Domain_1e95971bfc93d967681d5131e53b909c3fbcc4bbc95a92221a775860e193dc10,1e95971bfc.com,Domain,[A]
Domain_301c9a086730f250cd77944218d2dabdf67168ae5a34a3a7f8af814659d14638,301c9a0867.com,Domain,[A]
Domain_6140fecbd19e619efedc35958d7d41885b47d500935ce951a9a8968131cb9fc6,6140fecbd1.com,Domain,[A]
Domain_6a1872557dadb1a1490a2bc27c71608ee24f7fb303698cfce17b5347908f031e,6a1872557d.com,Domain,[A]
Domain_890b2037863e31beefa13d8686a4ef35abfcc48fd4d4e1e3d1a4943a67ca532f,890b203786.com,Domain,[A]
Domain_9297e6c62be9e2a61998653316466c01960674d934579e5946a76c6525f9c495,9297e6c62b.com,Domain,[A]
Domain_b89c3ed7e6ed81be8df9441ed8b4dee12f1e0587d421bd476b60fe3e1325fda9,b89c3ed7e6.com,Domain,[A]
Domain_db949d95051093a8d391f85c1f7120fc7c25b487c36ac592b64194e24bf3051c,db949d9505.com,Domain,[A]
IP_19c21de4ab651f8b11588022adbef1a7ef72eb089e96ec3d1ea0b98a2048f9e0,107.151.xxx.xxx,IP,[]
Domain_57561f7a23e9d3d10d94e74ccac50b0bfbb529447f981b3a4b80616cbbd6b461,57561f7a23.com,Domain,[C]
IP_2c46d09c7f1bfa09b148043e182b3c7ae0216dfd6ee9d568cb36fb675bed9f24,122.114.xxx.xxx,IP,[]
Domain_26d4489f9839cea34ccdb8f5bc634c302736bc59a17e348722cf05b2e1015b16,26d4489f98.com,Domain,[C]
Domain_35ab5b0e0da06af2fcd2d463efd8738de7e77b3d1d47b9115a7b91b775b3fdd4,35ab5b0e0d.com,Domain,[G]
Domain_3b421bbd562760ca79175ca78ea0028880696567cfa861e6a5381266fe7c8489,3b421bbd56.com,Domain,[C]
Domain_3c03877779197ad6f9df5db6956fbb31d45dceb4d3b539a1b3d84db1ef740618,3c03877779.com,Domain,[G]
Domain_abb4d1692b761f48fc620581c8522f185ef416845cd8efae6aa0d71d7a9a264f,abb4d1692b.com,Domain,"[C,G,A]"
IP_31db567ed22294eb6a41a21ee15ce179ca4d14a0419c701e4324ff94464f50cb,129.227.xxx.xxx,IP,[]
Domain_05c129477eeeb4a8c11e308371ec9fcaa582dbce1e4874d0609840cfe003bce5,05c129477e.com,Domain,[A]
Domain_5a1eb619a2e186b877e95fc4d9cc19179e5a09e0fae27237c5af83384c6ce1f9,5a1eb619a2.com,Domain,[G]
Domain_89bf0da069a4898715f25fb806f948fd55a9f6f7016ccd6c3dcdd0ec67cb082d,89bf0da069.com,Domain,[B]
Domain_a698fd10d2e48294bad2be638251090460f9278d160898a07fc02212cb59547f,a698fd10d2.com,Domain,[C]
Domain_b1e028fc3f81fd25c63fe611a3431da57c6307ba7ad36be6d1402d0a32e58733,b1e028fc3f.com,Domain,[G]
Domain_fddb12dad2babd3553efa1210ab41806dfd9c53b55fd77301f9ea74dfa3236a8,fddb12dad2.com,Domain,[G]
IP_3a239d3106790869a1deb0a92fc839c1a4c976a09a79236398190bce2f637443,122.114.xxx.xxx,IP,[]
Domain_12c74a1c73133de831c76f72930fe8bb38a2322a7fabb1ea07f4bb927d02cfb4,12c74a1c73.com,Domain,[C]
Domain_55b753c8358e14cd1702aed70106fd8f5a3fdb0d355c2596b8c1c1acba1cd008,55b753c835.com,Domain,[C]
Domain_7a2ed6e175abd1ef8e5bd5ea187ab63c389e8308e6a82ad5bf8046317752f14f,7a2ed6e175.com,Domain,[B]
Domain_869f66e090b0681df0eae2c051ea5d2931d3d29548911bf757ba03d3be76b7ab,869f66e090.com,Domain,"[C,H]"
Cert_0c33983077facc841e3d75e8cea586ff75a4c25f7ec8d1fff187a5e70a57d7a6,0c33983077,Cert,[]
Domain_a032834c30fbf159e76e182b7d30083c95b0218a9317b64313930c5c4c313c6a,a032834c30.com,Domain,[C]
Domain_e82d3e663d438b62593581a35134890f673b67ee660943e373a7e89172e554a5,e82d3e663d.com,Domain,[C]
IP_41b5985edd237ce06deb60706820b910791c03ce847f60803b8d8a17c6decf43,122.114.xxx.xxx,IP,[]
Domain_92fb8a891da1af4553afebe7c7ea92c279853dac417c2072a74f3722d5e02650,92fb8a891d.com,Domain,[G]
IP_60a434bcc57af53ee199b374e4d543019aae5aacf248f16b915455498262c47a,122.114.xxx.xxx,IP,[]
Domain_56e2c08f347e3f8bbe452c3c2209b0b188c95bee1c735801b2f085c04f95660b,56e2c08f34.com,Domain,[C]
Domain_8aea976a674a6f54cbebb29c1addaea2b43e9f7c3cbb4a167d197613a1ac1bff,8aea976a67.com,Domain,[C]
Domain_9ce4257488feb0131ae9af03548b6b7f16cfa95fde5715a7f30313ccba46c56e,9ce4257488.com,Domain,[C]
Domain_c54d5536fa66c39f958ab1083f253ae9818fb17d90a84e4c2c69c824fd91cbeb,c54d5536fa.com,Domain,[B]
IP_6b5f6087ab963dd71a6c4aabbe593a953690cb156ed87bb84e13499ab1866fe9,128.14.xxx.xxx,IP,[]
Domain_3acaa528f64a286dc415cd13f2e14515e6b93847b8f3b604937c79cb01a5e864,3acaa528f6.com,Domain,[C]
Domain_6534f09344fa6fba88091ac186302f40c276ecf906cf99f4c244ed20b2c4cd5e,6534f09344.com,Domain,[C]
Domain_7084151479e166730726d5b3f87515ea694ba334234059aaf8892ad0c5ac774c,7084151479.com,Domain,[B]
Domain_9e8f85c4321face784190fc820cdf4099f8591ca5aef0bd23b45dc32c3ae741f,9e8f85c432.com,Domain,[A]
Domain_bab7738855aebe08106629db55cc37bbab6032d0c83e0b50545f7fadad00a7fb,bab7738855.com,Domain,[B]
Domain_bf694f131769c5e0533f259f5eacb293df61eec41c817b1d2a75052649bfc2b1,bf694f1317.com,Domain,[C]
Domain_fa11da49ec90a694be53a68d9f95b93cff264d20d9d971422423440159e77ce6,fa11da49ec.com,Domain,[G]
IP_94fb4d47d3920b6a5b74a8ce9e304377460fdffdf6582eca97eda2037bbe0b47,123.1.xxx.xxx,IP,[]
Domain_61befc7014010dffed9239b8a133396e1a88fa822703b677b123268eb16be3f7,61befc7014.com,Domain,[B]
IP_ac9174b205d9859bfe70d1d0583a4245d8deaa063853b645e0f62001c48a4918,122.114.xxx.xxx,IP,[]
Domain_1dab5c72ec047ceb04d1c0393c3bbb017828ef12ae578d290fc0dbe8048f4a16,1dab5c72ec.com,Domain,[B]
Domain_27f09488cf57e5439c522a4a44adc9025ba251c3e0d38bd17014c74898ebf3d7,27f09488cf.com,Domain,[C]
Domain_4941d258350af71cffce6131bd0085519ef4cab2dc2da30d4225698929f3135e,4941d25835.com,Domain,"[G,A]"
Domain_4f23e76f82d0d05d8ef1a18dd53df0b56e2b13c7f136e31634f5fdc2185b70a2,4f23e76f82.com,Domain,[G]
Domain_54d3020e229c953088ada97af2457d1226464898450d3231fb91ad9a575d7ae1,54d3020e22.com,Domain,[C]
Domain_56f7e3d38701fc2addf9d10954f6314d8dbfdd821955be3a684debd4aa392281,56f7e3d387.com,Domain,[B]
Domain_65da39935598107b0526ce46ae946c48101e83cf22472ca1f4cebc9d7e126f81,65da399355.com,Domain,[C]
Domain_75b2d4d9a3f99934b5b58718016291fab53900d383c522ccfbbf400635c8132a,75b2d4d9a3.com,Domain,[C]
Domain_c22f2f46e9704c343b8d40c57dce0be941cfc6b393512d980b5e241c6677914c,c22f2f46e9.com,Domain,"[I,B]"
Domain_c8030c0ffa85de98c88e9e2a7b13464b2553f77ed749d1a9035d011ea9b62f04,c8030c0ffa.com,Domain,[G]
Domain_ca40babfd1d7d23f4b9227f8407608d589dbfccefb648e81659c1b9067fd3058,ca40babfd1.com,Domain,[C]
Domain_fde5b150eee78946085ead0db766cd799ffeff6535f81117bf431f7db8ef47fa,fde5b150ee.com,Domain,"[I,B]"
IP_aec2a023e5650a099c10e3e2fec8ce84ae750ef03b60461e1db9e7b3c1e9104f,122.114.xxx.xxx,IP,[]
Domain_4d30b8e8704cf83841de2c3e19b7d2f54f24916006e2af73208b87edfec7b642,4d30b8e870.com,Domain,[C]
Domain_5f44504f16b98d0f95eea92bde1fcab6be2741070e58b114c48d8f3aa4d31cf9,5f44504f16.com,Domain,[C]
Domain_6e171deeccb21c4ae625132d1eee11450cfffb7c81392b271b4ade4f6c57943a,6e171deecc.com,Domain,[C]
Domain_7ec2aff2a836e77e2985af862687643bdb1b7daf7a4ec8535ee6219492d87087,7ec2aff2a8.com,Domain,[C]
Domain_bb5c1aa1c92cb625466e1e3bdb53215c6c48a20f874f31618dc7f27767b1b590,bb5c1aa1c9.com,Domain,[C]
IP_b1fc9978629ee1cc2b8907d910cc86b40866348b7f1cd0ebbc2159b8b32bb966,128.14.xxx.xxx,IP,[]
Domain_01555a9b5f84626bb412ad29bac88c721da635b61dfebede4c596e37e316f193,01555a9b5f.com,Domain,"[C,A]"
Domain_11deb9a3601abe68ebb145e374792c0c33c58735cc8ecfd7a0e0c5bd8b624e5b,11deb9a360.com,Domain,"[C,A]"
Domain_1f3f7b76ba59f61cd12ab2ff554dcb4b3b21a4e4ccaf044b697b44f93a73f817,1f3f7b76ba.com,Domain,[C]
Domain_2ba3ae4b4241039ebe5eb62cd30d145052d3812f7a41291ca35d7318a29d4789,2ba3ae4b42.com,Domain,"[C,A]"
Domain_2dc0dd0712d137bde494dc8d3e6f02d8618d3c0046723d8f35080bda7a8f31f9,2dc0dd0712.com,Domain,"[C,A]"
Domain_365aa099b44f09c37520199e7bb416f086be93459e1b55797ed186176d236bc3,365aa099b4.com,Domain,[B]
Domain_39be2afbbcfdf2a9de131749adc3149e5d13f32c3ee6b88e314791f022e4a332,39be2afbbc.com,Domain,[C]
Domain_4227fb2dd9688f03625b1355b9941ee9b0ab4e577def7c3179303a96b3dff829,4227fb2dd9.com,Domain,"[C,B]"
Domain_592309c75c5afd2f0b27a25b49814a8b91dcd56dc5053c181d1f9d858cedbe12,592309c75c.com,Domain,[B]
Domain_5a46bdc750ff57e3b90a40016da967050944886ca19752d68b3d766f474e8e60,5a46bdc750.com,Domain,[B]
Domain_5ab8ac1d96964be92e9019fccc5d664e1b506bb925078cf22cab40ac19ce8f8e,5ab8ac1d96.com,Domain,[C]
Domain_5c1cd1fe856b9139c30a237e1d3cec5bc4d15a8689e436f8236ae1eebce6f57f,5c1cd1fe85.com,Domain,"[C,A]"
Domain_5e8604757c6d9101fad9a11c86788683ba58936215fa06c3f7f3b3ddac015f74,5e8604757c.com,Domain,[B]
Domain_6fe5299f3138ac3263d7327ad1a6f1f1869569cabeb19a06e777b0796b9d79f3,6fe5299f31.com,Domain,[C]
Domain_7604829f71a8e9b05a9d22dbdc4794e92a5d4acca2e1a827b0eb841661ed565d,7604829f71.com,Domain,[A]
Domain_7a839f406f625b4ff5c3f513145837ad14dabc3be13b7b2b819b6ccd0fd625ac,7a839f406f.com,Domain,[B]
Domain_7b25cd21c795e882d264986f6dfcbff6736631ce8db714aa26fcf58784e88f52,7b25cd21c7.com,Domain,[A]
Domain_7b3389ddb15cdf1cdc7032f912faebfad0570b31612b520f984cd72e744f2ba4,7b3389ddb1.com,Domain,[B]
Domain_7ec3eddd9dac7db173d69934b478e7fa1ba6fe76e3563be32701ea956cabd5e8,7ec3eddd9d.com,Domain,[B]
IP_b8268cc414f6a84688c2e53a5a84c2efc2e530f3baa2cb0988ae1d33106e41ff,122.114.xxx.xxx,IP,[]
Domain_0983f9a7eba3f2340f82b94eb237741761079b13dc572ec40a46c622609aed4c,0983f9a7eb.com,Domain,[A]
Domain_378e38cad003774c75229ee6a60ebc142521ae6f5491e250dd7caa3a10977536,378e38cad0.com,Domain,[G]
Domain_3f93fd3aab041435c72b67b0d77e29717e2d7e31582dba8331b87eb021c75e35,3f93fd3aab.com,Domain,[C]
Domain_43ed84b53a7113bda2cf82346586b35e1fdf33b4818118e2fdd09d6c0bcce781,43ed84b53a.com,Domain,[C]
Domain_5d97640fd3fcbf06ecad1a8797d5b12ae6db8cbad7c5883fa1cca75e07a57d91,5d97640fd3.com,Domain,[A]
Domain_65cb5ddc70b6cc2cf0455e5e105a1717e7eeeb9557298622d3e6d2b0dbdbbff3,65cb5ddc70.com,Domain,[B]
Domain_a3cc53f4dccdff31172fae751e1131a30e054ba3b35080d9ee41456f9e69b8c9,a3cc53f4dc.com,Domain,[G]
Domain_bb25143379afcf5fadafa6e248522a4c3dfabf65f95eef0c2830e6ee49f9df7d,bb25143379.com,Domain,[B]
Domain_c6400b55bae8d5598ef404d2c8bec590fba62f95733a647c76cc1b8838545046,c6400b55ba.com,Domain,[G]
Domain_c77a703a7731a146e7ce16fa27ab7cf55f51741ffaa59d2d61f47f13afc78f63,c77a703a77.com,Domain,[G]
Domain_f0bef96f0a96e1acc2b30b130414106b1feb998757cc806bbab873972bf4a827,f0bef96f0a.com,Domain,[G]
IP_b978dfdb7c36e763af8e146329f69decbc82fdd58590b5aa6322347361b4fec9,129.227.xxx.xxx,IP,[]
Domain_0b8820ac7d400d557ae389a998dc051add4b6615229f5471e2bc10a0c8d7c728,0b8820ac7d.com,Domain,[C]
Domain_368c42bc06ca577602a421d0e9966777ca825da6f16d14322fd5f6b3ba25b503,368c42bc06.com,Domain,[G]
Domain_6a04a33f205d0ca7a95bffe8e1fcd5e39dc1279c399c7861ca63b289ef7a40e2,6a04a33f20.com,Domain,[G]
Domain_85d88cf858d0d872b1aee6faa25ef1dd4048e7ba95c637e9ecf38c8a971e4953,85d88cf858.com,Domain,[B]
Domain_a2d5d70881f6a8adfaab07932922742054b4c8ec819a47237c00c3bfbbe0d4fe,a2d5d70881.com,Domain,[G]
Domain_b88050cd3338b8db109cd6d7d51331c756836ed4b4a1961c78fac2572f1eed97,b88050cd33.com,Domain,[G]
Domain_c96c6b19b15a62b5c3171081024bab27eaee604d3302ef513b98fc8933c50358,c96c6b19b1.com,Domain,[G]
Domain_d0684e9dd81e52a2536abdf163908a8617c086977e96571665e255ed5afd508a,d0684e9dd8.com,Domain,[A]
Cert_c3063e0e6fb091781bc59c868c5afc8059b2d3a8c083f5aca7f6c835a6717d0d,c3063e0e6f,Cert,[]
IP_c79062663c51f2407cf181f5b5c7cbbeffed0aff076de985a8c8bd9d667b13c0,129.227.xxx.xxx,IP,[]
Domain_125f41cf5d9813844b5ff2e2eec791bd2dddbd333fda04d410bf4ba6165e351c,125f41cf5d.com,Domain,[A]
Domain_3055c5ba4d1618d004d1fcf01e26d48c2ccb0679f9de0639b678b3fa01b49360,3055c5ba4d.com,Domain,[B]
Domain_399b397156436fad6abf0f3f7843eaca9b9497caaac7747fac154ce65b06a079,399b397156.com,Domain,[G]
Domain_39b350001019582e1760f82f652e3c9350e205526e600d2a1f8fd2ff40db7c38,39b3500010.com,Domain,[C]
Domain_8edf0a1b049a354881c479d9fc79cb5db4f1e8b019904fcad86412533227aabb,8edf0a1b04.com,Domain,[G]
Domain_a4a65eb0299620cf67a0765958e7a37ce95bc3e7137060910d2346e7c80bc7c0,a4a65eb029.com,Domain,"[A,B]"
Domain_a7dd1e9ae2d4bd8af9f78e2706b403be3f951d9ebbb9d78e7795ebb5e025efe0,a7dd1e9ae2.com,Domain,[C]
Domain_df9b72f1c9a3a7f916f6dc4c926eba68da1f23565c8312581ba68a84bdfe5ad1,df9b72f1c9.com,Domain,[C]
IP_c95077f4377f73438b36aaddbdc6ec225d4f10c8cf8aedbf5fc34f1b9683a5ac,122.114.xxx.xxx,IP,[]
Domain_f674d10782ead1fb6737a8360ee411ee05c99fa493d7d908b56efcdea00a182e,f674d10782.com,Domain,[A]
Cert_990d573e228af8223d732fc44ba8bf58f63ab59a0a031bfc2bbff25509fb3c96,990d573e22,Cert,[]
IP_f5c9f8cd7179dcaab642f1636ebc1f0f4b3175788542422d3a927897eee9d6d6,129.227.xxx.xxx,IP,[]
Domain_0ae5dc549fdc629cac14a9c726c6a45db2ea75df9f96ee69d55ce271ba4202a2,0ae5dc549f.com,Domain,[G]
Domain_a6b97e2e095da72672f7710eaa889789842f529e6fae4ce8d526919196db5229,a6b97e2e09.com,Domain,[B]
Domain_ad058fe1ed80e0ac309f490c1f6079ea6ccc814c5820db93d32a4bd83e51c57c,ad058fe1ed.com,Domain,[B]
Domain_afd32dcf8a896a39ec498f3f21517ee3d8dbd1221d45520c14a471dbbfe1cd9c,afd32dcf8a.com,Domain,[G]
Domain_c3c414ce88cfcb4b369d98733d45b606c1ccf8c1b1604c342cf5205960771dbf,c3c414ce88.com,Domain,[G]
IP_fec8664b72a4f69aa628b74fc4ee16aab12802716a9327a7e2c61dadb76676d9,129.227.xxx.xxx,IP,[]
Domain_0483c495eb051339005168737294a1c7d61889b42c4ca655ed5c1f97632fc345,0483c495eb.com,Domain,[I]
Domain_0b85befb2115ecd00f2ff5bd7902b7fa1580b483ce8f88fc9455d736992aa8a9,0b85befb21.com,Domain,[G]
Domain_2649ce12cf014b02e76f3ef11417a800bf55c406a6c89a706788d0791f6cd484,2649ce12cf.com,Domain,[B]
Domain_4288a86321d3beabac58062d79fbd8d417c2a774ac3bafe971c9698e077d410f,4288a86321.com,Domain,[B]
Domain_6804ccca289ebdb3373977863619369e416920f5446523ec8f2c781137b056b6,6804ccca28.com,Domain,[G]
Domain_a4b9d8aa393e7e5751936844c51da086c40ce4ddaee3a16730aeed7876ff20c6,a4b9d8aa39.com,Domain,[B]
Domain_dd52c52d084b34214389e242a606832975962ddc7d43cc5326f9e9560d326fde,dd52c52d08.com,Domain,[B]
Domain_fab4472da1b93a38b4fa5dff2a292de15be918e26870b77378876c9a788a05c3,fab4472da1.com,Domain,[C]
Domain_68d8ef23cc18866f2da998369fb9955544f5798476ad63916411ffb16c6ff73e,68d8ef23cc.com,Domain,[B]
Domain_6b5f1d648eb75a3bb5c3562ea99d8276f3b60a95df8a645d130f556e2c539c25,6b5f1d648e.com,Domain,"[C,G]"
Cert_9847be53c7733d48a9b4778013698cf06f8106dd5599a6301586281a56896227,9847be53c7,Cert,[]
Domain_0dd57509e51d43b85e63075ea801bcc48c350c5e37e918b11d8c1f628967e7f0,0dd57509e5.com,Domain,"[G,B]"
Domain_39e4da429837f169df421601e7fd80d84ef1813355b2801d4ce26d1864822ec7,39e4da4298.com,Domain,"[G,B]"
Domain_3e53226be66d01ba220b13e33d4cc37dd5f796842d515bc8c4d27cdb7fa35025,3e53226be6.com,Domain,"[G,B]"
Domain_5a50f5aee140847d1dd2c523fcbfdc896cd47ef2e0b1166ced44d0f176b40bc7,5a50f5aee1.com,Domain,"[G,B]"
Domain_5b09b78e76b4203c3285a4988ca423a499789610e113c73e1f19fa2c8d9f5c22,5b09b78e76.com,Domain,"[G,B]"
Domain_63c9d2d410c147cec1be1c13648e79fbcee8a3093070f8a5d165e79ae2b69ddb,63c9d2d410.com,Domain,[G]
Domain_85354909d8acdcd69278441ebf1ba1e2cb1923ac7cd9b17b6547f9ea026a8892,85354909d8.com,Domain,"[G,B]"
Domain_963eba9b066bfab8c59338e17c4d4c93236b94d4f2c90ca5fbe56bf13da6930f,963eba9b06.com,Domain,"[G,B]"
Domain_9f7d640716ed0e1eb508f33171d7bc17347579b5526b71f3853dfb6d39d666df,9f7d640716.com,Domain,"[G,B]"
Domain_bdd13dc002c459c51ae2468831e01b6299e4aba13e69b68ea66c2f129378b700,bdd13dc002.com,Domain,"[G,B]"
Domain_d76c28d74f5d5edf0baa534e985a75377fbce17f08551dda0817ee893055eb51,d76c28d74f.com,Domain,"[G,B]"
Domain_e7991ee8a9620199c89bad24e1e92e3b62e6efb263b74f76442b71f077da12bc,e7991ee8a9.com,Domain,[G]
Domain_f6041b7bafedb33a237363dd11f9ca0daf448d8db5d2683e2e5768aa89c15bcd,f6041b7baf.com,Domain,"[G,B]"
Domain_fd0b356a57cabc023a4f4eb1bcd6149613acc4fb55156499034cbfa510a15bb7,fd0b356a57.com,Domain,"[G,B]"
IP_5fcbce9f662ec5581d449b96c75a9d4f37beab72529dc24e111c13f1b945ceae,122.114.xxx.xxx,IP,[]
Domain_2b477c68e4691aed5382db253188dafe7d503ea79cebededb7fa36cbab26d45f,2b477c68e4.com,Domain,[G]
IP_5daac89175ad93f94ac101604e80564ded42ed36a118daf2849107b2cdd9b4bc,122.114.xxx.xxx,IP,[]
Domain_a9a8da7df110f1cb7a24a80fd24c20ae1e9618a7240dc4e34c933dbb2ec481c9,a9a8da7df1.com,Domain,"[A,B]"
Domain_f3554b666038baffa5814c319d3053ee2c2eb30d31d0ef509a1a463386b69845,f3554b6660.com,Domain,[G]
Cert_392d981eaf712a3ecb8553b3b90974d538e484bad7ccff19f6ef89d1b6456226,392d981eaf,Cert,[]
Domain_afd826ef13c05bc22f4781e7ad58b8cf5a2b66fc0b65b94cefee484aca14bcaf,afd826ef13.com,Domain,[G]
IP_180ec840d57b66390033e9f0145b6dc76a7213c42d0992faeaaf5719ba7273a2,23.224.xxx.xxx,IP,[]
IP_e9d4d0c9b504b782a7e04f78cf471fc52abba41c1330dec1bd5cfb583add10ce,156.239.xxx.xxx,IP,[]
Whois_Email_62fe1d0691991999225c173a7c6b4da96e9d590457cfb31befb84fc0e980c15e,contaxxxxx@xxx.xxx,Whois_Email,[]
Domain_5aad56e78f39171b2e34e3472b6ef105094939ab63060247f3410a71d4272f9c,5aad56e78f.com,Domain,[A]
Cert_6724539e5c0851f37dcf91b7ac85cb35fcd9f8ba4df0107332c308aa53d63bdb,6724539e5c,Cert,[]
Domain_009774e7594c908616ca52d94edbea7c0965e30672fb4a3a6f69efc9f88c2ba4,009774e759.com,Domain,[B]
Domain_03c97479b5345d0d4de3fd671ca2ead0f3bfa8100c6be492337bceb37b7e587d,03c97479b5.com,Domain,[B]
Domain_0636b5e7706ace1b8437464e3599e55215536624296ee02677f803e18c974e80,0636b5e770.com,Domain,[B]
Domain_066e264198445bd1cce900899b13943a8dbc202f7435dde1272f1961a6184125,066e264198.com,Domain,[A]
Domain_069153a47c9e81dd00337b7266ca0150cbaa24eefea558578f07c6fee09752c3,069153a47c.com,Domain,[B]
Domain_08d32ce31035022f94b20c1676f1c63682abbfade479e0c92db1bca3ddaa59e0,08d32ce310.com,Domain,[A]
Domain_0c62647d062d8d8008cf48471f80c20c5b62da9cda824056a3ade77920e5c13e,0c62647d06.com,Domain,[B]
Domain_0cd0387be4a8f30c33792b98fe379df750bb0a8266a1121be1e59f9af799095f,0cd0387be4.com,Domain,[A]
Domain_0d4128a4fb89555429786479271de03336fef297cb439eedf2bfa8424a056445,0d4128a4fb.com,Domain,[C]
Domain_0de0605606f211bdddee4dc6397dfe00eedf19e4e8eef7862ef3b4eeec391d4b,0de0605606.com,Domain,[B]
Domain_0e48ec7bfad26c83bc7c9ef9933cc4935246d32106b2eb59eccb65b448d50286,0e48ec7bfa.com,Domain,[A]
Domain_10e0a5b00cd96d2c0625ee8eeb988eb070c3400ec409412c1edfd6a864858928,10e0a5b00c.com,Domain,[B]
Domain_11c7a931b45eb24e7c27d5aa918b9f448a1c91e42a89b547bf7870764094d48a,11c7a931b4.com,Domain,[A]
Domain_129dc85df7a65fc41a6524931d9c29428b621991e0bdb70086e2029d404435a3,129dc85df7.com,Domain,[A]
Domain_1518a31e4147a8b2c2c4ca31a52f9efff24f5278254f863221a0956e5f20997e,1518a31e41.com,Domain,[A]
Domain_164991b939141d1758605e32016f041ca06a91becf90b018bc5d07b3d0ca6be9,164991b939.com,Domain,"[A,B]"
IP_0183ba05070632fb1b7df3d0407c6862797d0983b0523eb179854d0b2b022774,136.0.xxx.xxx,IP,[]
Domain_4bcd171759ced91ce8d2779af60e0cfcd356d5b1cb4556d99342a93023383f97,4bcd171759.com,Domain,[B]
Domain_b17d2bad1ab8625bef2fda6fde7d6fa4799ee567b28be692d6bd23d21232dd68,b17d2bad1a.com,Domain,[B]
IP_0a633c967549946b9b07df0e67d5adeb66fbb179f6db2f1c46f404cf6571a195,142.234.xxx.xxx,IP,[]
Domain_110cb3564e92b827f6915edf35cb6fc5451782cffa218f0982063f6a4111ade5,110cb3564e.com,Domain,[A]
Domain_1f2ede76f608c470b283b02947967a24ec74dca993e24d2d746f7126b0e455d0,1f2ede76f6.com,Domain,[C]
Domain_324712afec78ecb341ca1acfc43b59878e0561e69797eead0dd3d892e6d1038c,324712afec.com,Domain,[C]
Domain_3fa1036355f41d6d6712695b89890a23db44f68df7252a3668b8d294089fda8d,3fa1036355.com,Domain,[B]
Domain_752517b5b446a4e4171acccb5f542b79fb8250c29c4ceb59706abae9b209f41e,752517b5b4.com,Domain,[B]
Domain_b027bcfe2d351ad7526cdbc5e631efa9249f07292143228babe2b3a7991bed4e,b027bcfe2d.com,Domain,[A]
Domain_b80ef51598e16e19fd4762746d8adb02d3608d5f99cd811d55051f3a4d8b86d8,b80ef51598.com,Domain,[A]
Domain_c261e8cdbf487696186152879748b588ddb6f4c87b79f0abacaa7d366ea52b13,c261e8cdbf.com,Domain,[B]
Domain_d250e4b7389d2afe9d119aa7b93a413f480882ca7b3e406b4e7e162dd0e816d7,d250e4b738.com,Domain,[C]
Domain_f5bebb00dfa61b20f3f36698d990cbeed47eec0cea5866e6faa415c6ab3f2eba,f5bebb00df.com,Domain,[C]
IP_234a81bd0cc1341e8a541ccf7f036d87ef1c2ae0657cc0cc59481bf7ff6863d2,156.240.xxx.xxx,IP,[]
Domain_0246212a534e7621be0a5cf4976d0e25b7bdc21905865332d7ea7e8c600d198b,0246212a53.com,Domain,[B]
Domain_3a954776969761ef0432ba78b1515fb0fff5d17642bfa58a9c009e2c70eb2eec,3a95477696.com,Domain,[B]
Domain_7bb2121a3680bf8120468937a466cdb6c35988933ff6f3fbcff03af560bd5d3c,7bb2121a36.com,Domain,[B]
Domain_cf47dd51b13582a9b5a7df5ad80c6c07fe8f61972b35b6bb80017610cf9edfac,cf47dd51b1.com,Domain,[B]
Domain_e651e01a90e071f18d60f1179835d07744ad634f056a8d50ba0da9c9edabd327,e651e01a90.com,Domain,[B]
Cert_7f10c98cbfda2732cfb4008c2a32c9be56426234cc47a60dcb9fc9839df7c59b,7f10c98cbf,Cert,[]
Domain_0cd3fd4e8e3b11a21f77e3f75aac491ee0b0f9fb05a037f87b8e8ca70e178239,0cd3fd4e8e.com,Domain,"[A,B]"
Domain_1032ac5cd844ce1daddd8ee0c437f2d64f79660dd21d1a58a380a87c41129184,1032ac5cd8.com,Domain,[B]
Domain_1477a496248df76c62f565268a4b1c328538f24c31bbc687ee3e6039f7358e9e,1477a49624.com,Domain,[B]
Domain_31eeb5da9e13d06d0c1d99ea87f77ad979efe4c368db721517130356c530705f,31eeb5da9e.com,Domain,[A]
Domain_32750cfce60acb25f72a50e7c45f747900e0f6a86512e7e400b22b41d22d40cc,32750cfce6.com,Domain,"[A,B]"
Domain_359f8bb9ce59cd6c516efa09ecd7fbf16573505a11f0a1646c1a39848d2ff3b4,359f8bb9ce.com,Domain,[B]
Domain_463b7bc1a3eb4e344c5f72594d80e1e6639efec4a3c1764ffc0c0548cda9fa1c,463b7bc1a3.com,Domain,"[A,B]"
Domain_48c8613af1237f44a404c62cf4b9feacca1ef47f7dd78cb3b600876a3b5ed48a,48c8613af1.com,Domain,"[A,B]"
Domain_609db155561d0fcec9a6478f136a25651b767d875a56db4d73de99ae1f15b66c,609db15556.com,Domain,[B]
Domain_7082acb0d134d66c03ade70d260ff434e4a9748ad8f86a5112ed3cfb9e2eb9c7,7082acb0d1.com,Domain,[B]
Domain_83109610d1f300bb7da1a2d144d6c0ea6a8b0b258232f0a18b4d858af01fb605,83109610d1.com,Domain,[B]
Domain_9035f00ee42a9640dbcf894fc4d68728fffb89be6f9590fbc4d63bc654552882,9035f00ee4.com,Domain,"[I,B]"
Domain_9328f797db2f549cd41340c7bd38e139ec8f4a06ad8b3b7bf41b30d4fa12b61f,9328f797db.com,Domain,[B]
Domain_9becc0e87e6af1ddf156872b011288a23b75ad9c4f9840acec934841e98acbe9,9becc0e87e.com,Domain,[B]
Domain_a1430cd81eb0fb677941306dc47f186d147234d842e1d79620cc693241833245,a1430cd81e.com,Domain,[B]
Domain_a8115cefa4a60b868249ae65720676efc42a9c933645c1c8bdc48adc0a17bc93,a8115cefa4.com,Domain,[A]
Domain_b14ae63e1c5274bc94d74aa0a6e6a18ff09adfcbad94e9d91d107b1b4f079290,b14ae63e1c.com,Domain,[A]
Domain_b3daa3730b4f835e0e99d50ef566a663576997e0608419fed8340adf108cc3e9,b3daa3730b.com,Domain,[B]
Domain_ba5c5e24f8488a78e933c8df89767bcc6871082102abcd4cbf9ab231438a7e6c,ba5c5e24f8.com,Domain,[B]
Domain_c761c82eadfc208327c0e31b2908a8740f852e2a697dadda200a24260f2b0706,c761c82ead.com,Domain,[B]
IP_238cb4df969d9eb57154fd34d98af1d6d797045da9183b863ce07f2176fe5c1f,142.234.xxx.xxx,IP,[]
Domain_2d41726698ffd0d2c0a2d90696cfa0ed49d753c025dc1d926daebba51397358c,2d41726698.com,Domain,[B]
Domain_3e2b5c8c0e84afaa1870759e1ee0fb4291494b5e10e001b5c7df05f92c2588d3,3e2b5c8c0e.com,Domain,[C]
Domain_4e1c855cf9c48edfd2599b25c0d77e536871f423bba902d5ae056448e92bf404,4e1c855cf9.com,Domain,[B]
Domain_629e07863c13fd4189149aea91fce149e8876f95c224b4c7ee33b693d4a918b3,629e07863c.com,Domain,[B]
Domain_7e3d3fd4a66f12777cd34c8f95a39681d9ed334d636b4dd3e2c210a1a004e551,7e3d3fd4a6.com,Domain,[B]
Domain_9932b58e4289af65493b009940c729cf9d1c36ea40c1aa97f0b2f7f36968d9cf,9932b58e42.com,Domain,[C]
Domain_c9cb7438b0f18d41ee8df4acb4862d58b8e0738715d440bad5c17d79421b90fe,c9cb7438b0.com,Domain,[A]
Cert_c8f83e59657cc807c4b609cf3d45da443a53d610db74957ace67ac4e2b924bb2,c8f83e5965,Cert,[]
Domain_cc582043c12bc12921eb227f93d5db8bce5d302ba0272c84955fd04672aded5b,cc582043c1.com,Domain,[C]
Domain_d1bca067dd315017839a237ab1042940038050c5aa163c2a1471a7539c6c0798,d1bca067dd.com,Domain,[B]
Domain_de2db21e6d5cef198c247d15832d07b7527c703e74b95865ab43baee9c773845,de2db21e6d.com,Domain,[A]
Domain_f05b5acd3f4fa1fca76876f5eaaeb5bf944612a63fe5430ca3ea5d44d507399d,f05b5acd3f.com,Domain,[B]
Domain_f6671119c78f4ce6cbf8be36ef08c9aa96345cc282d268d0693877e3a9a1b0c0,f6671119c7.com,Domain,[C]
IP_24299f8c37874b76d35e990aa929305e707580bc80dc536866f26870bbb5c8d9,23.82.xxx.xxx,IP,[]
Domain_24aa7d88b9e0e008fbf41f0170824b712279d8e604af68c4210ad0b499e9f6fe,24aa7d88b9.com,Domain,[B]
Domain_33d5a2bd40cf1a141f311995017d2e8a735d72a651f9009478f409e7a1b8e190,33d5a2bd40.com,Domain,"[A,B]"
Cert_1e6a9156f52069fc8c90c8fad2b43cb0126dff70160529b01551506b79970e25,1e6a9156f5,Cert,[]
Domain_52a5dabdf8328ad49034f2ac3b0ede1d8b61478d24d09138451fa8d071e2ce89,52a5dabdf8.com,Domain,"[A,B]"
Domain_6a79e07bfd7f0dc1a14e625ef556cc9ff67220ddc768e3c01bd3a2fdaa18c9ff,6a79e07bfd.com,Domain,[B]
Domain_a763383b43975663272082908febf19cd7a792e657887ac9af29e493ffce9a2b,a763383b43.com,Domain,[A]
Domain_ef4779e0bb3bc636a4b145950b9c48c6a39252a0026be7272c25b39611d8946d,ef4779e0bb.com,Domain,[B]
IP_2ae1f89e74c2bd2a9e5b5f3f5055932716116da9ea12c07647ac4a376ec97c9c,147.255.xxx.xxx,IP,[]
Domain_0cf96dcf598a56bca803462f7ff63956eb373f0dbd01125020ce25668ad632b0,0cf96dcf59.com,Domain,[B]
Domain_2882d4d20ae001916778e9d9367c2cdc9516ff408ef3e303adf76a7fb57fd1f9,2882d4d20a.com,Domain,[A]
Domain_73da0d1cea96cfcb11fd532b05b27068c33bc6fee29a2fdfe61424a850642779,73da0d1cea.com,Domain,[A]
Domain_84f72e8e30f885d0d07ff1012f48569f175a27e19c17ac31f11b3b8d2ac2911e,84f72e8e30.com,Domain,[A]
Domain_89df087e27e4201f486d67280c7222ef09a7aa1484c757b86f32724c05a6451b,89df087e27.com,Domain,[B]
IP_3412e9509da22092aafd094b425d73795d333ea97c824668deaab3a059df3640,142.234.xxx.xxx,IP,[]
Domain_17fdc8497fbd7fe55f0aedc5b952fd96197839a62527c65bd3767bf60ead89bf,17fdc8497f.com,Domain,[B]
Domain_2c3bbc0deb6f939d1dc981358536c55e6998bee16546240e9baeb1c86de4ba0d,2c3bbc0deb.com,Domain,[B]
Domain_6f4ce17853c7a59c660b9b18a404658ffd597eae1f046e8e80a4ef5b53009cc5,6f4ce17853.com,Domain,[B]
Domain_77cff2550019f4e0ae44451beb60d737c572b466b1666ae74976b579af907e03,77cff25500.com,Domain,[A]
Domain_7e9568448d8349f5fd195b8af7fe2271c6c4106f4b2c1fe183991157395cf690,7e9568448d.com,Domain,[B]
Domain_8f3e3f269f8d118280c0b1d513d0e80f3e9ca94320a57470c93c5d9572e4f4e2,8f3e3f269f.com,Domain,[A]
Domain_cc08396ae3414f753aa59780b6349d5aeca374cde030d4fd4caa5a3a51fffa89,cc08396ae3.com,Domain,[B]
IP_399394f880802b91935222c24af6a1b36b47c499b25639d39c23bea6e2b1d175,35.206.xxx.xxx,IP,[]
Domain_04db63283c53b049bf265ec5e8dc0be27cd9035df7ffa1d4d70134de3abba35d,04db63283c.com,Domain,[B]
Domain_04f9b6d83daa2dc25580c8e535b79d6132d201fdbd21c168df6f8336b1965c77,04f9b6d83d.com,Domain,[B]
Domain_0af6e37e3da0c4089042f2de8c62dbf354424f8c34e08b75a39a4fd7750feedf,0af6e37e3d.com,Domain,[B]
Domain_0aff9dcd308629dd29136ee3f9a4dcbbe9f2813f890a551f8a582abdc5130721,0aff9dcd30.com,Domain,[B]
Domain_159a0a3b9c5cebeac298924bfe5f1e0a61b1ffa648cb71615cac8400915fd5e4,159a0a3b9c.com,Domain,[B]
Domain_1a7b75d9c2b7110349f8ff42008775966b6e7bcaab47b0fd5fe73115aae15cd1,1a7b75d9c2.com,Domain,[B]
Domain_2071db027885d30f39d014e92fb4d764b4456b416f8c600d7f44bf7b0f06f91b,2071db0278.com,Domain,[B]
Domain_261b2e28bb39216c8948f07e9feb7d162de4ba7ebe57cf55e9e4862b9819279f,261b2e28bb.com,Domain,[B]
Domain_28b0c7747252cb3fc0c8f9b603384c80f4fb13ee034d891b8437a96593fd9377,28b0c77472.com,Domain,[B]
Domain_28c97e9db4b762eb80094b73784d90a7c43f77dd08ab7c9f75d3dfc69a87e316,28c97e9db4.com,Domain,[B]
Domain_290fc7672a00498e0897f4a4957042f9922a045d21102140691860906fe3a1ef,290fc7672a.com,Domain,[B]
Domain_2b4b0d0aa02c0f56c42207be18517d7579ad0f9946f3a3526917361732a84c4f,2b4b0d0aa0.com,Domain,[B]
Domain_2c90bf79274603fc3f006fe0b715b4e6175c5742ba7fc070b073392f7028cc2b,2c90bf7927.com,Domain,[B]
Domain_2e414e8571ba8bfb479d0e5d0e3a0e290e3a524940ecd7de2cabfd2187d892dd,2e414e8571.com,Domain,[B]
Domain_2f9ce96b7c0f9b57f38ab7a93e26b4ba1e53ae5222c2f7f15c34869373769a78,2f9ce96b7c.com,Domain,[B]
Domain_313228dc4f2e74eff4d541569af8b3a3aa9f33d99bedc8e9d41fcb222659f0ad,313228dc4f.com,Domain,[B]
Domain_3224a8c71c56fff73fce803cf975d5164da173b6c3efeb1dd8a71365998ba7c1,3224a8c71c.com,Domain,[B]
Domain_37f9a67ecf2073e172923d3e3de6b7d6bf64924522eba36f3aa3dd2460920ecd,37f9a67ecf.com,Domain,[B]
Domain_382cd8ef2df2f88f66170b076e18a3aed0a9faaef81715cab090e5e8954ce3e4,382cd8ef2d.com,Domain,[B]
IP_4ea0cbe0ae9dc770e66a956fbe088134aa68b55b43ad9b1f60a7c66ae661b763,142.234.xxx.xxx,IP,[]
Domain_2a29e53cb4e18281f922767a330c6c83df11168c144bce36e16fea61f20da174,2a29e53cb4.com,Domain,[A]
Domain_65e60733e709b791fd2a3f34317d7a803e7e778b0a2dc1937812c62b24338de1,65e60733e7.com,Domain,[B]
Domain_75683b10e548348fac1d0a6d018904bfc23ecb1d1263d7ea89aea188bd4669a2,75683b10e5.com,Domain,[B]
Domain_aa6b20f95d5115a2247bd11f2083679a81b05eb75d029478b3c6da05ef85333e,aa6b20f95d.com,Domain,[A]
Domain_b707ab490c1ac68a9f107fcf1b98a2dc39feaff4e4be1da9ecfdc8b3ac3ba071,b707ab490c.com,Domain,[B]
Domain_de762ec6decdacb8cc0369cc5797da8567ef9e27ec9ced6820acfe7fc3a7daff,de762ec6de.com,Domain,[A]
IP_5a921f55018de6fee3996374aecfe4ddbfc5c0d954d5c5ca18e7786ed1f3e802,164.155.xxx.xxx,IP,[]
Domain_1ed282af57ab5539906494acad55de4839cb3f1ba111e9d3f5bdaa01913172cf,1ed282af57.com,Domain,[A]
Domain_3dbdd9712aa5a7c8dbd1fad6d1f99781dccbfb734ef65260c781ef835045b076,3dbdd9712a.com,Domain,"[C,B]"
Cert_234a5d417d3bc15d735269d533f40d22114e4aef281e3e5e82197b4a3963bb39,234a5d417d,Cert,[]
Domain_458f5e0515bf413e73a1a72e9e329014a36e3fc96b2770a2afcf0d7e4c971818,458f5e0515.com,Domain,[C]
Domain_5a7f157eba9a103a81f9f9cd5ac0bde2c472349eb41fae8179cae07f8bb0eaee,5a7f157eba.com,Domain,[A]
Domain_5d5008dd750948b473aa1c5c138dd3534107c00a4dbbad2aae9890b2bb4f9189,5d5008dd75.com,Domain,[A]
Domain_6ecd08917b1ff068cd5c71c8c53170d98faa5a3486055071c3a0b21f9ed83ea4,6ecd08917b.com,Domain,[B]
Domain_a920c2118ffe74f3e67b01b7ea395ba40fa97d865cc522a0707028acc5978ca8,a920c2118f.com,Domain,"[C,B]"
Domain_b5c11a53d58ba909ed908be186106e9270db8d6e4ef12cd497741218b50e53e0,b5c11a53d5.com,Domain,[A]
Domain_b6133e5e0d66eeb272f6b871b5cbe56519b569d0b78b06834f13ccc45f6edc77,b6133e5e0d.com,Domain,[A]
Domain_bc6218e946a1ce3b8bdb423a6b020ee6df381c7e7b1803ab08ddcbcfca73fa41,bc6218e946.com,Domain,[A]
Domain_d02263b747ea89e9657aef585e1e1c1b1cafb599484bf76206b37306d0841ba2,d02263b747.com,Domain,"[A,B]"
IP_5aac5eb59dc775c9ebee8e97701366173f8facded2d97d45e02ed924632a6b38,154.220.xxx.xxx,IP,[]
Domain_3a13932ffdfbe33db5426a48b954782e7a3794587404fd7d9b1eebfde26ce863,3a13932ffd.com,Domain,[B]
Domain_47fe85375d88d5775f17a761cf5e79878947fc7a923fdb9f915a74c66e91b2a3,47fe85375d.com,Domain,[B]
Domain_8b48b70ea1355ab70e6b10bac40fe6bff8179a91c5266152c5ed5c424c41edeb,8b48b70ea1.com,Domain,[B]
Domain_b0014021907ae49995deeb33961182b973aa0b1193db2ee252503c7263daf76d,b001402190.com,Domain,[B]
Domain_b752904d782b31f118156c0e0ffba5285823792e82e4ea8243a46f20e316059c,b752904d78.com,Domain,[B]
Cert_86e89181acec884e0a5274895709b0404bcec347bfe80b36b08d4e5fd5fb949a,86e89181ac,Cert,[]
Domain_049e3681ac7c2b15552b934076d192a8da473a39f6ec6942e638fe5507091405,049e3681ac.com,Domain,[B]
Domain_04f7ad84a11958ae67a53c051060b2cabd72dffade2873b6793d7ff448751895,04f7ad84a1.com,Domain,[B]
Domain_052584b875fb3832dff3e6fa0354192cc3606b026fa8da81b439ca55e02a581a,052584b875.com,Domain,[B]
Domain_053ecd84230c23ef5d607d4c7412cc97b8a8a3a2c487b239fe5460c28a8d9095,053ecd8423.com,Domain,[B]
Domain_06b809de9556afe9b3dba0243de00e3b5fecc12bf7b7047feb6e9e345d0e30d2,06b809de95.com,Domain,[B]
Domain_0d326ee09d6fd1ddc8dd96d8d55a08f07436b9e1a862c72874912d73bd3cfc5a,0d326ee09d.com,Domain,[B]
Domain_0d8c45e2754051c6146cecb129d1c2ec9df807f34c9f83c7cb305e726ed7cb0a,0d8c45e275.com,Domain,[B]
Domain_0ff258256ee04e66d57ef7149e05cb5146b52984e9932cab289197f489cf3095,0ff258256e.com,Domain,[B]
Domain_176af7118e49edb28a1a4735ac00702525ed34345b25a5249c22d8f37d6c0e84,176af7118e.com,Domain,[B]
Domain_1ca5b4df530c69a1fabbd5d9b5427f3f06bf2e7a28f39cccbe4dac836a7a2b0f,1ca5b4df53.com,Domain,[B]
Domain_1e27dbb45b58344518d919fa1ecca3233a50e30bb91174f9891a4d5ea37dac4a,1e27dbb45b.com,Domain,[B]
Domain_1f6e9b49db6e36ad8fd3de56e7b392221c8dc1cfa3e93a3fe76b1efcc7aa89c6,1f6e9b49db.com,Domain,"[A,B]"
Domain_20fba9cb78f8f944e4f1ae0d2d544124e19a9c3eb6cd6bd8d8c3017b14024a79,20fba9cb78.com,Domain,[B]
Domain_21c181d44dd74ba827c6844946090f694c1dd618884919bd9bef2cb3c25ec052,21c181d44d.com,Domain,[B]
Domain_2d6ceff8b4c50df6a9ec73a923ec4eadec03bee689bc319fc0cb63afd09ebb38,2d6ceff8b4.com,Domain,[B]
Domain_2df377e07148a4afcc0cbb2df191fab77f42ab4e7292a0ce5e5931c221d83453,2df377e071.com,Domain,[B]
Domain_2e62c2c4394253e4cafeb867469055d21b1d8657db9ba54cb13cffc7b8bc4bd0,2e62c2c439.com,Domain,[B]
Domain_317269d7b8efb88070a25a50686343369213f68a46614098a768de052bb65fba,317269d7b8.com,Domain,[B]
Domain_31a4c16fdbc8fc02f962d8f98dc683a1967288519726d122c9a2c501d49e207f,31a4c16fdb.com,Domain,"[A,B]"
Domain_31aa284f409cf2d5e106c8e7c3a3dcd8efc83d8417f4e37f740c0e4c8f22f926,31aa284f40.com,Domain,"[H,B]"
IP_102470e03030a36a9015ae3525f1d00f49856c3c211ad70b54b0fb545b30f8c1,154.220.xxx.xxx,IP,[]
Domain_291f2363deeb4805a40516bfd810bba741f6bd4d95c6774fa820d06e1f302fe5,291f2363de.com,Domain,[B]
Domain_31cb68ec0a986e296549bc522bc7cd64794cf01c2cdf17fcbf42429972168611,31cb68ec0a.com,Domain,[B]
Domain_a4881af39b388a739c9f4cf87be54a3c4ae5d72f43e81a6dbb7de64d1bdf5049,a4881af39b.com,Domain,[B]
Domain_c010e2a107266d66d6e2333ac03c12056f73b4e966b83356d371731b8743ddff,c010e2a107.com,Domain,[B]
Domain_c9d801f2c1d9a6b0c414efe87e6aee6184bfc0c69c64919573feb7a26565aa42,c9d801f2c1.com,Domain,[B]
Domain_f0a44726b71b3fb4a5733b0d9bf2122df0d5bb0b014e7c6c242d5f7c7ebfb908,f0a44726b7.com,Domain,[B]
IP_550415bbaf6fa29ca308ae8d5136fff925ad93753b652165bee50524b22d3352,154.220.xxx.xxx,IP,[]
Domain_368666a7921a2e350434bf6a152239843883845c0db4a1a15cb6cb88a4e9bd5f,368666a792.com,Domain,[B]
Domain_896b4af7ef98a5ce32de50c38d1824ca44b490cf171ed51c775408b2493f58f7,896b4af7ef.com,Domain,[B]
Domain_c9afb48c76c7dc42d61d9268f40d88bf3a8c73d24cf3f288b4d4286204de6229,c9afb48c76.com,Domain,[B]
Domain_de0fa16bded98d861655f21c2fd3c0a05d91774e4ef7afd07630520071784168,de0fa16bde.com,Domain,[B]
Domain_f144cead3247f13eeb8c4a2c208620063d9c15bd2462cd6292718fd42116a903,f144cead32.com,Domain,[B]
IP_6d1b70e891eae9134db9182e6bd3d4b1040dcb63829b94a13858a3d348ba3ad8,154.220.xxx.xxx,IP,[]
Domain_4766e1aa64c76588756943a30c582f0bb5e65de50cba3b5fc68899b216b1c30f,4766e1aa64.com,Domain,[B]
Domain_72bcaebaf68f212c5856b3655a9ccc77875751596299aac5ef113aed962ec611,72bcaebaf6.com,Domain,[B]
Domain_b78059c0a35507f93f10c8fbc5690c4f699996de30f33d69e75ec779f7e9846f,b78059c0a3.com,Domain,[B]
IP_6d2cb9d60f491d5384166b2c4c8837267663a385e2433ff49588f42ef44a1a42,23.82.xxx.xxx,IP,[]
Domain_37825068b31a8f237837e4c46862e91045fda5dac76c60433c229feac9e22a61,37825068b3.com,Domain,[A]
Domain_57755bb17a290944ac48c9d62735532fdb760ea1ac0cc96dc69e147421b9df94,57755bb17a.com,Domain,[B]
Domain_7127f37a964ec02f9f64ec24700cb2c3cc366ef0ab79005b726aa15b04d4fc53,7127f37a96.com,Domain,[A]
Domain_804157ea9174e8b64e44f187d2d1f8872a18d0f9b531934aec4bf4e67b4d4f11,804157ea91.com,Domain,[B]
Domain_8beed5e6aa4901d2b59ac09d584c8f590a304a04c1b01deab05c927f66a3ceca,8beed5e6aa.com,Domain,[A]
Domain_a643b6cd49ba99e47c7847f6d86d3608d8e39377d353e1d7bc1bf19f4c300ad3,a643b6cd49.com,Domain,[A]
Domain_aef5906fbaf9dfc6f7ee2614313cf73ec0b911245ccc48db0d947748d582bf99,aef5906fba.com,Domain,[B]
Domain_e7da8138b9e7c13df404a52b4806aa82bd94551e8fe9dd8f523c0dd5c5116512,e7da8138b9.com,Domain,[A]
IP_781d31131cbed86d08290734aac8a394037a00277b0588f16510bd2bae691ed2,23.82.xxx.xxx,IP,[]
Domain_05f0b992957105ba52e8e36ea46e34bfd923fa39fe829021f8ac12de785eb1f9,05f0b99295.com,Domain,[B]
Domain_3465b6d7de1bc177253af4a0d99d7390ca2c7acef48bc7a653bcde60fc2ff2b5,3465b6d7de.com,Domain,[B]
Domain_4d2fc3ab11c47f4bb5dae2dde52ad461e68937935bbb14ea73c60db95993e6ed,4d2fc3ab11.com,Domain,[A]
Domain_55ced53e7a48ce4826362507c245294cb873c71739580f6a3382a72b02baff56,55ced53e7a.com,Domain,[A]
Domain_5f5061f3cc492a8ac4ae1c410e40eb2ee52909fc53c65e0e5f92e5b2115f73c7,5f5061f3cc.com,Domain,[A]
